helper_gene,helper_project_code,helper_variant_key,helper_is_coding_or_disruptive,Hugo_Symbol,Chromosome,Start_position,End_position,Strand,Variant_Classification,Variant_Type,Reference_Allele,Tumor_Seq_Allele1,Tumor_Seq_Allele2,dbSNP_RS,dbSNP_Val_Status,Tumor_Sample_Barcode,Matched_Norm_Sample_Barcode,Genome_Change,ref_context,gc_content,i_1000genomes_AF,i_1000genomes_ID,i_Callers,i_GERM1000G,i_GERMOVLP,i_LOWSUPPORT,i_NORMALPANEL,i_NumCallers,i_OXOGFAIL,i_REMAPFAIL,i_SEXF,i_VAF,i_bPcr,i_bSeq,i_qual,i_repeat_masker,i_signature_N3,i_signature_R1,i_signature_R2,i_snv_near_indel,t_alt_count,t_ref_count,i_model_score,i_n_vaf,Project_Code,Donor_ID
ABCB1,Breast-AdenoCa,ABCB1|7|87138668|87138668|G|A|Missense_Mutation,yes,ABCB1,7,87138668,87138668,+,Missense_Mutation,SNP,G,G,A,,,f7c6a336-3126-7580-e040-11ac0c485971,f7c6a336-3123-7580-e040-11ac0c485971,g.chr7:87138668G>A,GACACCACCCGGCTGTTGTCT,0.512,NA,,"broad,dkfz,muse,sanger",NA,NA,NA,NA,4,NA,NA,NA,0.1957,NA,NA,None,,False,False,False,False,9,37,NA,NA,Breast-AdenoCa,DO217787
ABCB1,Breast-AdenoCa,ABCB1|7|87190585|87190585|A|T|Missense_Mutation,yes,ABCB1,7,87190585,87190585,+,Missense_Mutation,SNP,A,A,T,,,fc8130df-8ec8-5b1e-e040-11ac0d485e06,fc8130df-8ec5-5b1e-e040-11ac0d485e06,g.chr7:87190585A>T,AAACCTTTCAAGTTCTTTCTT,0.363,,,"broad,dkfz,muse,sanger",NA,NA,NA,NA,4,NA,NA,NA,0.187,NA,NA,None,,False,False,False,False,26,113,NA,NA,Breast-AdenoCa,DO220823
ARID1A,Breast-AdenoCa,ARID1A|1|27106504|27106504|C|T|Nonsense_Mutation,yes,ARID1A,1,27106504,27106504,+,Nonsense_Mutation,SNP,C,C,T,,,fc8130e0-a539-dda8-e040-11ac0c48326a,fc8130e0-a536-dda8-e040-11ac0c48326a,g.chr1:27106504C>T,GGAACAGGACCAAGGGGTGAG,0.562,NA,,"broad,dkfz,muse,sanger",NA,NA,NA,NA,4,NA,NA,NA,0.1026,NA,NA,None,,False,False,False,False,4,35,NA,NA,Breast-AdenoCa,DO218605
ARID1A,Breast-AdenoCa,ARID1A|1|27087360|27087360|C|G|Nonsense_Mutation,yes,ARID1A,1,27087360,27087360,+,Nonsense_Mutation,SNP,C,C,G,,,f7d128d2-3964-e3bc-e040-11ac0d481667,f7d128d2-3961-e3bc-e040-11ac0d481667,g.chr1:27087360C>G,CTATCTGGTTCAATAGATGAC,0.423,NA,,"broad,dkfz,muse,sanger",NA,NA,NA,NA,4,NA,NA,NA,0.4194,NA,NA,None,,False,False,False,False,13,18,NA,NA,Breast-AdenoCa,DO218059
ARID1A,Breast-AdenoCa,ARID1A|1|27094480|27094480|G|A|Missense_Mutation,yes,ARID1A,1,27094480,27094480,+,Missense_Mutation,SNP,G,G,A,,,f7d7b3db-02af-61cb-e040-11ac0c480c03,f7d7b3db-02ac-61cb-e040-11ac0c480c03,g.chr1:27094480G>A,GAGATTGGTGGATTGACTCAG,0.532,NA,,"broad,dkfz,muse",NA,NA,NA,NA,3,NA,NA,NA,0.0676,NA,NA,None,,False,False,False,False,5,69,NA,NA,Breast-AdenoCa,DO217908
BRAF,Breast-AdenoCa,BRAF|7|140500166|140500166|T|C|Missense_Mutation,yes,BRAF,7,140500166,140500166,+,Missense_Mutation,SNP,T,T,C,,,fc8130df-297f-34a3-e040-11ac0d485e02,fc8130df-297c-34a3-e040-11ac0d485e02,g.chr7:140500166T>C,CCATACCCAATAGAGTCCGAG,0.473,NA,,"broad,dkfz,muse,sanger",NA,NA,NA,NA,4,NA,NA,NA,0.36,NA,NA,None,,False,False,False,False,9,16,NA,NA,Breast-AdenoCa,DO218621
BRCA1,Breast-AdenoCa,BRCA1|17|41209130|41209130|T|A|Missense_Mutation,yes,BRCA1,17,41209130,41209130,+,Missense_Mutation,SNP,T,T,A,rs80358347|rs273901753|rs80357227,,fc8130df-6bec-7627-e040-11ac0d485e04,fc8130df-6be9-7627-e040-11ac0d485e04,g.chr17:41209130T>A,ATTGACCACATCTCCTCTGAC,0.458,NA,,"broad,dkfz,muse,sanger",NA,NA,NA,NA,4,NA,NA,NA,0.4545,NA,NA,None,,False,False,False,False,20,24,NA,NA,Breast-AdenoCa,DO218669
BRCA1,Breast-AdenoCa,BRCA1|17|41244808|41244808|C|T|Missense_Mutation,yes,BRCA1,17,41244808,41244808,+,Missense_Mutation,SNP,C,C,T,rs80357419,,fc8130df-e399-e34d-e040-11ac0c483279,fc8130df-e396-e34d-e040-11ac0c483279,g.chr17:41244808C>T,ATATTAGACTCATTCTTTCCT,0.388,NA,,"broad,dkfz,muse,sanger",NA,NA,NA,NA,4,NA,NA,NA,0.3611,NA,NA,None,,False,False,False,False,13,23,NA,NA,Breast-AdenoCa,DO218065
BRCA2,Breast-AdenoCa,BRCA2|13|32910785|32910785|A|C|Missense_Mutation,yes,BRCA2,13,32910785,32910785,+,Missense_Mutation,SNP,A,A,C,,,f393bafe-7503-5c45-e040-11ac0d484511,f393bb00-eca8-1758-e040-11ac0d48451f,g.chr13:32910785A>C,TGATCATGAAAATGCCAGCAC,0.383,NA,,"broad,dkfz,muse,sanger",NA,NA,NA,NA,4,NA,NA,NA,0.3438,NA,NA,None,,False,False,False,False,11,21,NA,NA,Breast-AdenoCa,DO1004
BRCA2,Breast-AdenoCa,BRCA2|13|32914574|32914574|G|T|Nonsense_Mutation,yes,BRCA2,13,32914574,32914574,+,Nonsense_Mutation,SNP,G,G,T,rs397507827|rs80359558,,fc8130e0-0f1a-b6eb-e040-11ac0c48328f,fc8130e0-0f17-b6eb-e040-11ac0c48328f,g.chr13:32914574G>T,GCTCACAAGAGAAGAAAATAC,0.343,NA,,"broad,dkfz,muse,sanger",NA,NA,NA,NA,4,NA,NA,NA,0.2468,NA,NA,None,,False,False,False,False,19,58,NA,NA,Breast-AdenoCa,DO218709
BRCA2,Breast-AdenoCa,BRCA2|13|32929200|32929201|AA|-|Frame_Shift_Del,yes,BRCA2,13,32929200,32929201,+,Frame_Shift_Del,DEL,AA,AA,-,rs397507904|rs80359642,,fc8130e3-01ba-c740-e040-11ac0c483291,fc8130e3-01b7-c740-e040-11ac0c483291,g.chr13:32929200_32929201delAA,CAGACCAACCAAAGTCTTTGTT,0.337,NA,,"broad,dkfz,sanger,smufin",NA,NA,NA,NA,4,NA,NA,NA,0.6061,NA,NA,None,,,,,,,20,13,0.998,NA,Breast-AdenoCa
CBFB,Breast-AdenoCa,CBFB|16|67063670|67063670|G|A|Missense_Mutation,yes,CBFB,16,67063670,67063670,+,Missense_Mutation,SNP,G,G,A,,,f7b847e5-0f5d-69b4-e040-11ac0c4845fe,f7b847e5-0f5a-69b4-e040-11ac0c4845fe,g.chr16:67063670G>A,CACGAGGAACGCCAGGCACGC,0.716,NA,,"dkfz,sanger",NA,NA,NA,NA,2,NA,NA,NA,0.5,NA,NA,None,,False,False,False,False,7,7,NA,NA,Breast-AdenoCa,DO217939
CBFB,Breast-AdenoCa,CBFB|16|67070599|67070600|-|GA|Frame_Shift_Ins,yes,CBFB,16,67070599,67070600,+,Frame_Shift_Ins,INS,-,-,GA,,,f7e7b258-b4b2-e6c5-e040-11ac0d486773,f7e7b258-b4af-e6c5-e040-11ac0d486773,g.chr16:67070599_67070600insGA,CAGCTGGCAGGGAGAACAGCGA,0.441,,,"broad,dkfz,sanger,smufin",NA,NA,NA,NA,4,NA,NA,NA,0.641,NA,NA,None,,,,,,25,14,0.999,NA,Breast-AdenoCa,DO218828
CBFB,Breast-AdenoCa,CBFB|16|67063312|67063312|T|C|Start_Codon_SNP,yes,CBFB,16,67063312,67063312,+,Start_Codon_SNP,SNP,T,T,C,,,fc8130df-1cdd-cade-e040-11ac0d485dec,fc8130df-1cda-cade-e040-11ac0d485dec,g.chr16:67063312T>C,GGCGGGAAGATGCCGCGCGTC,0.726,NA,,"broad,dkfz,muse,sanger",NA,NA,NA,NA,4,NA,NA,NA,0.5789,NA,NA,None,,False,False,False,False,11,8,NA,NA,Breast-AdenoCa,DO218174
CBFB,Breast-AdenoCa,CBFB|16|67100586|67100586|T|A|Splice_Site,yes,CBFB,16,67100586,67100586,+,Splice_Site,SNP,T,T,A,,,fc8130df-2628-304a-e040-11ac0d485dfa,fc8130df-2625-304a-e040-11ac0d485dfa,g.chr16:67100586T>A,GTGTCTTAGGTATATTTGAAG,0.348,NA,,"broad,dkfz,muse,sanger",NA,NA,NA,NA,4,NA,NA,NA,0.3864,NA,NA,None,,False,False,False,False,17,27,NA,NA,Breast-AdenoCa,DO220822
CBFB,Breast-AdenoCa,CBFB|16|67070612|67070612|A|-|Frame_Shift_Del,yes,CBFB,16,67070612,67070612,+,Frame_Shift_Del,DEL,A,A,-,,,fc8130df-2ca4-39d2-e040-11ac0d485e00,fc8130df-2ca1-39d2-e040-11ac0d485e00,g.chr16:67070612delA,GAACAGCGACAAACACCTAGC,0.423,NA,,"broad,dkfz,sanger,smufin",NA,NA,NA,NA,4,NA,NA,NA,0.5625,NA,NA,None,,,,,,18,14,0.999,NA,Breast-AdenoCa,DO217953
CBFB,Breast-AdenoCa,CBFB|16|67116171|67116181|AATTTGAAGAT|-|Frame_Shift_Del,yes,CBFB,16,67116171,67116181,+,Frame_Shift_Del,DEL,AATTTGAAGAT,AATTTGAAGAT,-,,,fc8130df-e399-e34d-e040-11ac0c483279,fc8130df-e396-e34d-e040-11ac0c483279,g.chr16:67116171_67116181delAATTTGAAGAT,AGGACACGCGAATTTGAAGATAGAGACAGGT,0.436,NA,,"dkfz,sanger,smufin",NA,NA,NA,NA,3,NA,NA,NA,0.4615,NA,NA,None,,,,,,12,14,0.989,NA,Breast-AdenoCa,DO218065
CBFB,Breast-AdenoCa,CBFB|16|67063630|67063630|A|T|Splice_Site,yes,CBFB,16,67063630,67063630,+,Splice_Site,SNP,A,A,T,,,fc8130e0-0db6-b568-e040-11ac0c483281,fc8130e0-0db3-b568-e040-11ac0c483281,g.chr16:67063630A>T,TGCCTTGCAGATTAAGTACAC,0.687,NA,,"broad,dkfz,muse,sanger",NA,NA,NA,NA,4,NA,NA,NA,0.175,NA,NA,None,,True,False,False,False,7,33,NA,NA,Breast-AdenoCa,DO217800
CDH1,Breast-AdenoCa,CDH1|16|68845658|68845659|-|A|Frame_Shift_Ins,yes,CDH1,16,68845658,68845659,+,Frame_Shift_Ins,INS,-,-,A,,,fc8130e0-095f-b953-e040-11ac0c483287,fc8130e0-095c-b953-e040-11ac0c483287,g.chr16:68845658_68845659insA,CGCCATCGCTTACACCATCCTC,0.51,NA,,"broad,dkfz,sanger,smufin",NA,NA,NA,NA,4,NA,NA,NA,0.3061,NA,NA,None,,,,,,15,34,0.998,NA,Breast-AdenoCa,DO218457
CDH1,Breast-AdenoCa,CDH1|16|68847285|68847286|-|C|Frame_Shift_Ins,yes,CDH1,16,68847285,68847286,+,Frame_Shift_Ins,INS,-,-,C,,,fc8130df-2e39-3814-e040-11ac0d485de0,fc8130df-2e36-3814-e040-11ac0d485de0,g.chr16:68847285_68847286insC,TGATGCTGATGCCCCCAATACC,0.47,NA,,"broad,sanger,smufin",NA,NA,NA,NA,3,NA,NA,NA,0.8077,NA,NA,None,,,,,,21,5,0.999,NA,Breast-AdenoCa,DO217788
CDH1,Breast-AdenoCa,CDH1|16|68856053|68856093|CCCAATACATCTCCCTTCACAGCAGAACTAACACACGGGGC|-|Frame_Shift_Del,yes,CDH1,16,68856053,68856093,+,Frame_Shift_Del,DEL,CCCAATACATCTCCCTTCACAGCAGAACTAACACACGGGGC,CCCAATACATCTCCCTTCACAGCAGAACTAACACACGGGGC,-,rs147925149|rs2276331|rs587781615|rs587782850|rs367849039|rs121964878|rs33969373,byFrequency,fc8130e0-0b9c-bbc9-e040-11ac0c483266,fc8130e0-0b99-bbc9-e040-11ac0c483266,g.chr16:68856053_68856093delCCCAATACATCTCCCTTCACAGCAGAACTAACACACGGGGC,AGACCTTCCTCCCAATACATCTCCCTTCACAGCAGAACTAACACACGGGGCGAGTGCCAAC,0.49,NA,,"broad,sanger,smufin",NA,NA,NA,NA,3,NA,NA,NA,0.0909,NA,NA,None,,,,,,1,10,0.973,NA,Breast-AdenoCa,DO217952
CDH1,Breast-AdenoCa,CDH1|16|68857336|68857337|-|T|Frame_Shift_Ins,yes,CDH1,16,68857336,68857337,+,Frame_Shift_Ins,INS,-,-,T,,,fc8130df-e399-e34d-e040-11ac0c483279,fc8130df-e396-e34d-e040-11ac0c483279,g.chr16:68857336_68857337insT,CAAAGATGGCCTTAGAGGTGGG,0.426,NA,,"broad,dkfz,sanger,smufin",NA,NA,NA,NA,4,NA,NA,NA,0.3929,NA,NA,None,,,,,,11,17,0.998,NA,Breast-AdenoCa,DO218065
CDH1,Breast-AdenoCa,CDH1|16|68867206|68867216|CTGATACTGAC|-|Frame_Shift_Del,yes,CDH1,16,68867206,68867216,+,Frame_Shift_Del,DEL,CTGATACTGAC,CTGATACTGAC,-,,,fc8130df-1cdd-cade-e040-11ac0d485dec,fc8130df-1cda-cade-e040-11ac0d485dec,g.chr16:68867206_68867216delCTGATACTGAC,CTGAAAGCGGCTGATACTGACCCCACAGCCC,0.483,NA,,"broad,dkfz,sanger,smufin",NA,NA,NA,NA,4,NA,NA,NA,0.2581,NA,NA,None,,,,,,8,23,0.996,NA,Breast-AdenoCa,DO218174
CDH1,Breast-LobularCa,CDH1|16|68772218|68772218|C|T|Nonsense_Mutation,yes,CDH1,16,68772218,68772218,+,Nonsense_Mutation,SNP,C,C,T,,,fc8130e0-0fde-b756-e040-11ac0c48328b,fc8130e0-0fdb-b756-e040-11ac0c48328b,g.chr16:68772218C>T,TTGGCTCTGCCAGGAGCCGGA,0.677,NA,,"broad,dkfz,muse,sanger",NA,NA,NA,NA,4,NA,NA,NA,0.2121,NA,NA,None,,False,False,False,False,7,26,NA,NA,Breast-LobularCa,DO218167
CDH1,Breast-LobularCa,CDH1|16|68844175|68844175|C|T|Nonsense_Mutation,yes,CDH1,16,68844175,68844175,+,Nonsense_Mutation,SNP,C,C,T,,,f7d77a03-28a0-f446-e040-11ac0c4866fb,f7d77a03-289d-f446-e040-11ac0c4866fb,g.chr16:68844175C>T,GGTAACCGATCAGAATGACAA,0.468,NA,,"broad,dkfz,muse,sanger",NA,NA,NA,NA,4,NA,NA,NA,0.7333,NA,NA,None,,False,False,False,False,22,8,NA,NA,Breast-LobularCa,DO220820
CDH1,Breast-LobularCa,CDH1|16|68856050|68856050|C|-|Frame_Shift_Del,yes,CDH1,16,68856050,68856050,+,Frame_Shift_Del,DEL,C,C,-,,,fc8130e0-a39a-23b5-e040-11ac0c483270,fc8130e0-a397-23b5-e040-11ac0c483270,g.chr16:68856050delC,TGCAGACCTTCCTCCCAATAC,0.468,NA,,"broad,dkfz,sanger,smufin",NA,NA,NA,NA,4,NA,NA,NA,0.4815,NA,NA,None,,,,,,13,14,0.999,NA,Breast-LobularCa,DO218377
CDKN2A,Breast-AdenoCa,CDKN2A|9|21974769|21974769|C|T|Missense_Mutation,yes,CDKN2A,9,21974769,21974769,+,Missense_Mutation,SNP,C,C,T,,,f7b84c09-15d4-3046-e040-11ac0c4847ff,f7b84c09-15d1-3046-e040-11ac0c4847ff,g.chr9:21974769C>T,CCCCGGGCCGCGGCCGTGGCC,0.741,NA,,"broad,dkfz,muse,sanger",NA,NA,NA,NA,4,NA,NA,NA,0.3077,NA,NA,None,,False,False,False,False,4,9,NA,NA,Breast-AdenoCa,DO217962
CYP19A1,Breast-AdenoCa,CYP19A1|15|51504754|51504754|C|G|Missense_Mutation,yes,CYP19A1,15,51504754,51504754,+,Missense_Mutation,SNP,C,C,G,,,fc8130e0-096a-b991-e040-11ac0c48327d,fc8130e0-0967-b991-e040-11ac0c48327d,g.chr15:51504754C>G,TTATGTCTCTCTCACCTGTGG,0.378,,,"broad,muse",NA,NA,NA,NA,2,NA,NA,NA,0.0545,NA,NA,None,,False,False,False,False,3,52,NA,NA,Breast-AdenoCa,DO217844
ERBB3,Breast-AdenoCa,ERBB3|12|56487154|56487154|A|G|Missense_Mutation,yes,ERBB3,12,56487154,56487154,+,Missense_Mutation,SNP,A,A,G,,,fc8130e0-ad8a-b832-e040-11ac0d485e14,fc8130e0-ad87-b832-e040-11ac0d485e14,g.chr12:56487154A>G,GTTGATCATGAAGAACTTGAA,0.448,NA,,"broad,dkfz,muse,sanger",NA,NA,NA,NA,4,NA,NA,NA,0.3889,NA,NA,None,,False,False,False,False,21,33,NA,NA,Breast-AdenoCa,DO218553
ERBB3,Breast-AdenoCa,ERBB3|12|56487292|56487293|GA|TT|Missense_Mutation,yes,ERBB3,12,56487292,56487293,+,Missense_Mutation,DNP,GA,GA,TT,,,fc9ef456-75a2-5967-e040-11ac0c484477,fc9ef456-759f-5967-e040-11ac0c484477,g.chr12:56487292_56487293GA>TT,GCCTACGGAAGAGCGACTAGAC,0.54,NA,,"broad,muse,sanger",NA,NA,NA,NA,3,NA,NA,NA,0.1053,NA,NA,None,,False,False,False,False,4,34,NA,NA,Breast-AdenoCa,DO52547
ERBB3,Breast-AdenoCa,ERBB3|12|56492633|56492633|A|G|Missense_Mutation,yes,ERBB3,12,56492633,56492633,+,Missense_Mutation,SNP,A,A,G,,,f7f66114-e321-1d4c-e040-11ac0d48541a,f7f66114-e31e-1d4c-e040-11ac0d48541a,g.chr12:56492633A>G,GAGAAGGGGGAGCGGTTGGCA,0.512,NA,,"broad,dkfz,muse,sanger",NA,NA,NA,NA,4,NA,NA,NA,0.459,NA,NA,None,,False,False,False,False,28,33,NA,NA,Breast-AdenoCa,DO218347
ESR1,Breast-AdenoCa,ESR1|6|152265395|152265395|C|T|Missense_Mutation,yes,ESR1,6,152265395,152265395,+,Missense_Mutation,SNP,C,C,T,,,fca6150f-d555-a29e-e040-11ac0d4873b2,fca6150f-d552-a29e-e040-11ac0d4873b2,g.chr6:152265395C>T,GTGGGGTCTGCTGGAGACATG,0.557,,,"broad,dkfz,muse,sanger",NA,NA,NA,NA,4,NA,NA,NA,0.1351,NA,NA,None,,False,False,False,False,5,32,NA,NA,Breast-AdenoCa,DO52562
ESR1,Breast-DCIS,ESR1|6|152129104|152129105|-|G|Frame_Shift_Ins,yes,ESR1,6,152129104,152129105,+,Frame_Shift_Ins,INS,-,-,G,,,fc8130e0-ad66-b82e-e040-11ac0d485e0e,fc8130e0-ad63-b82e-e040-11ac0d485e0e,g.chr6:152129104_152129105insG,ATCAGATCCAAGGGAACGAGCT,0.658,,,"broad,dkfz,sanger,smufin",NA,NA,NA,NA,4,NA,NA,NA,0.1569,NA,NA,None,,,,,,8,43,0.994,NA,Breast-DCIS,DO220825
GATA3,Breast-AdenoCa,GATA3|10|8106058|8106058|T|A|Missense_Mutation,yes,GATA3,10,8106058,8106058,+,Missense_Mutation,SNP,T,T,A,,,097a7d36-905b-72be-e050-11ac0d482c9a,097a7d36-9058-72be-e050-11ac0d482c9a,g.chr10:8106058T>A,TATCACAAAATGAACGGACAG,0.572,,,"broad,dkfz,muse,sanger",NA,NA,NA,NA,4,NA,NA,NA,0.3023,NA,NA,None,,False,False,False,False,52,120,NA,NA,Breast-AdenoCa,DO1076
GATA3,Breast-AdenoCa,GATA3|10|8111433|8111434|CA|-|Splice_Site,yes,GATA3,10,8111433,8111434,+,Splice_Site,DEL,CA,CA,-,rs111853237,,f393bb05-53c2-f80a-e040-11ac0d484528,f393bb04-2413-2f19-e040-11ac0d484526,g.chr10:8111433_8111434delCA,TCCCCACTCTCAGTCTGCAGCC,0.48,,,"broad,dkfz,sanger",NA,NA,NA,NA,3,NA,NA,NA,0.4074,NA,NA,None,,,,,,11,16,0.996,NA,Breast-AdenoCa,DO1007
GATA3,Breast-AdenoCa,GATA3|10|8097786|8097786|A|G|Silent,table_s3_exact,GATA3,10,8097786,8097786,+,Silent,SNP,A,A,G,,,f7b84b5d-8f28-e6b7-e040-11ac0c484704,f7b84b5d-8f25-e6b7-e040-11ac0c484704,g.chr10:8097786A>G,TCGACGGTCAAGGCAACCACG,0.672,NA,,"broad,dkfz,muse,sanger",NA,NA,NA,NA,4,NA,NA,NA,0.24,NA,NA,None,,False,False,False,False,6,19,NA,NA,Breast-AdenoCa,DO218060
GATA3,Breast-AdenoCa,GATA3|10|8115757|8115758|-|G|Frame_Shift_Ins,yes,GATA3,10,8115757,8115758,+,Frame_Shift_Ins,INS,-,-,G,,,f7b84b5d-8f28-e6b7-e040-11ac0c484704,f7b84b5d-8f25-e6b7-e040-11ac0c484704,g.chr10:8115757_8115758insG,AACCGAAAAATGTCTAGCAAAT,0.411,NA,,"broad,dkfz,sanger,smufin",NA,NA,NA,NA,4,NA,NA,NA,0.25,NA,NA,None,,,,,,11,33,0.996,NA,Breast-AdenoCa,DO218060
GATA3,Breast-AdenoCa,GATA3|10|8111553|8111553|C|G|Missense_Mutation,yes,GATA3,10,8111553,8111553,+,Missense_Mutation,SNP,C,C,G,,,f7e7b258-b4b2-e6c5-e040-11ac0d486773,f7e7b258-b4af-e6c5-e040-11ac0d486773,g.chr10:8111553C>G,CTACTACAAGCTTCACAATGT,0.552,,,"broad,dkfz,muse,sanger",NA,NA,NA,NA,4,NA,NA,NA,0.3611,NA,NA,None,,False,False,False,False,13,23,NA,NA,Breast-AdenoCa,DO218828
GATA3,Breast-AdenoCa,GATA3|10|8111537|8111538|-|G|Frame_Shift_Ins,yes,GATA3,10,8111537,8111538,+,Frame_Shift_Ins,INS,-,-,G,,,fc8130df-1cdd-cade-e040-11ac0d485dec,fc8130df-1cda-cade-e040-11ac0d485dec,g.chr10:8111537_8111538insG,GCAATGCCTGTGGGCTCTACTA,0.569,NA,,"dkfz,sanger,smufin",NA,NA,NA,NA,3,NA,NA,NA,0.234,NA,NA,None,,,,,,11,36,0.964,NA,Breast-AdenoCa,DO218174
GATA3,Breast-AdenoCa,GATA3|10|8115892|8115893|-|C|Frame_Shift_Ins,yes,GATA3,10,8115892,8115893,+,Frame_Shift_Ins,INS,-,-,C,,,fc8130df-1e8f-c879-e040-11ac0d485df4,fc8130df-1e8c-c879-e040-11ac0d485df4,g.chr10:8115892_8115893insC,AGCCACTCCAGCCACATGCTGA,0.629,,,"broad,dkfz,sanger,smufin",NA,NA,NA,NA,4,NA,NA,NA,0.2113,NA,NA,None,,,,,,15,56,0.997,NA,Breast-AdenoCa,DO218719
GATA3,Breast-AdenoCa,GATA3|10|8115983|8115983|T|-|Frame_Shift_Del,yes,GATA3,10,8115983,8115983,+,Frame_Shift_Del,DEL,T,T,-,,,fc8130df-897d-5404-e040-11ac0d485e0a,fc8130df-897a-5404-e040-11ac0d485e0a,g.chr10:8115983delT,CCGCCATGGGTTAGAGCCCTG,0.612,NA,,"broad,dkfz,sanger,smufin",NA,NA,NA,NA,4,NA,NA,NA,0.2963,NA,NA,None,,,,,,8,19,0.997,NA,Breast-AdenoCa,DO218254
GATA3,Breast-AdenoCa,GATA3|10|8111484|8111485|-|CAACCACACT|Frame_Shift_Ins,yes,GATA3,10,8111484,8111485,+,Frame_Shift_Ins,INS,-,-,CAACCACACT,,,fc8130e0-0e1f-b54d-e040-11ac0c48326c,fc8130e0-0e1c-b54d-e040-11ac0c48326c,g.chr10:8111484_8111485insCAACCACACT,TCAGACCACCACAACCACACTC,0.52,NA,,"broad,sanger,smufin",NA,NA,NA,NA,3,NA,NA,NA,0.1191,NA,NA,None,,,,,,5,37,0.977,NA,Breast-AdenoCa,DO217907
GATA3,Breast-AdenoCa,GATA3|10|8115928|8115929|-|A|Frame_Shift_Ins,yes,GATA3,10,8115928,8115929,+,Frame_Shift_Ins,INS,-,-,A,,,fc8130e3-01ba-c740-e040-11ac0c483291,fc8130e3-01b7-c740-e040-11ac0c483291,g.chr10:8115928_8115929insA,ATGCACCCGCCATCCAGCCTGT,0.658,,,"dkfz,sanger,smufin",NA,NA,NA,NA,3,NA,NA,NA,0.3514,NA,NA,None,,,,,,13,24,0.968,NA,Breast-AdenoCa,DO218333
KMT2C,Breast-AdenoCa,KMT2C|7|151856001|151856001|C|G|Missense_Mutation,yes,KMT2C,7,151856001,151856001,+,Missense_Mutation,SNP,C,C,G,,,097a7d36-905b-72be-e050-11ac0d482c9a,097a7d36-9058-72be-e050-11ac0d482c9a,g.chr7:151856001C>G,TGTTTCTCCTCTTCGTCCTTT,0.453,,,"broad,dkfz,muse,sanger",NA,NA,NA,NA,4,NA,NA,NA,0.2162,NA,NA,None,,False,False,False,False,40,145,NA,NA,Breast-AdenoCa,DO1076
KMT2C,Breast-AdenoCa,KMT2C|7|151876918|151876918|C|T|Splice_Site,yes,KMT2C,7,151876918,151876918,+,Splice_Site,SNP,C,C,T,,,f393bb05-ec1c-17be-e040-11ac0d48452f,f393bb08-2c1b-d7af-e040-11ac0d48453a,g.chr7:151876918C>T,AAAAGCATTACCTAAATCCAT,0.458,NA,,"broad,dkfz,muse,sanger",NA,NA,NA,NA,4,NA,NA,NA,0.234,NA,NA,None,,False,False,False,False,11,36,NA,NA,Breast-AdenoCa,DO1018
KMT2C,Breast-AdenoCa,KMT2C|7|151945447|151945447|G|C|Missense_Mutation,yes,KMT2C,7,151945447,151945447,+,Missense_Mutation,SNP,G,G,C,,,f393bb0b-08ed-3335-e040-11ac0d484554,f393bb0e-6a35-9154-e040-11ac0d484564,g.chr7:151945447G>C,AAGAGTGACAGATTCCATGAC,0.428,,,"broad,dkfz,muse,sanger",NA,NA,NA,NA,4,NA,NA,NA,0.1296,NA,NA,None,,False,False,False,False,7,47,NA,NA,Breast-AdenoCa,DO1010
KMT2C,Breast-AdenoCa,KMT2C|7|152009018|152009018|G|A|Nonsense_Mutation,yes,KMT2C,7,152009018,152009018,+,Nonsense_Mutation,SNP,G,G,A,,,f393bb0b-08ed-3335-e040-11ac0d484554,f393bb0e-6a35-9154-e040-11ac0d484564,g.chr7:152009018G>A,ATATTCTGCTGAGGAGATCGT,0.368,,,"broad,muse",NA,NA,NA,NA,2,NA,NA,NA,0.087,NA,NA,None,,False,False,False,False,4,42,NA,NA,Breast-AdenoCa,DO1010
KMT2C,Breast-AdenoCa,KMT2C|7|151845273|151845273|T|G|Missense_Mutation,yes,KMT2C,7,151845273,151845273,+,Missense_Mutation,SNP,T,T,G,,,f7b84c09-15d4-3046-e040-11ac0c4847ff,f7b84c09-15d1-3046-e040-11ac0c4847ff,g.chr7:151845273T>G,GCTGGCTTCATAGCCCACAGG,0.552,NA,,"broad,dkfz,muse,sanger",NA,NA,NA,NA,4,NA,NA,NA,0.2391,NA,NA,None,,False,False,False,False,11,35,NA,NA,Breast-AdenoCa,DO217962
KMT2C,Breast-AdenoCa,KMT2C|7|151874748|151874748|G|-|Frame_Shift_Del,yes,KMT2C,7,151874748,151874748,+,Frame_Shift_Del,DEL,G,G,-,,,f80293b8-ddb7-f575-e040-11ac0d48309d,f80293b8-ddb4-f575-e040-11ac0d48309d,g.chr7:151874748delG,CGGAAAGTCTGGCCGGGGAAT,0.567,NA,,"broad,dkfz",NA,NA,NA,NA,2,NA,NA,NA,0.3778,NA,NA,None,,,,,,17,28,0.969,NA,Breast-AdenoCa,DO218770
KMT2C,Breast-AdenoCa,KMT2C|7|152008969|152008969|T|-|Frame_Shift_Del,yes,KMT2C,7,152008969,152008969,+,Frame_Shift_Del,DEL,T,T,-,,,fc78685a-7053-152a-e040-11ac0c480ded,fc78685a-7050-152a-e040-11ac0c480ded,g.chr7:152008969delT,AGCTTGATCATCTGAAGCTGT,0.393,NA,,"broad,dkfz,sanger,smufin",NA,NA,NA,NA,4,NA,NA,NA,0.3846,NA,NA,None,,,,,,15,24,0.998,NA,Breast-AdenoCa,DO52545
KMT2C,Breast-AdenoCa,KMT2C|7|151860212|151860212|G|A|Nonsense_Mutation,yes,KMT2C,7,151860212,151860212,+,Nonsense_Mutation,SNP,G,G,A,,,fc8130e0-0c53-b432-e040-11ac0c483283,fc8130e0-0c50-b432-e040-11ac0c483283,g.chr7:151860212G>A,TTCTGCTGCTGTAAAACCTGC,0.463,NA,,"broad,dkfz,muse,sanger",NA,NA,NA,NA,4,NA,NA,NA,0.4912,NA,NA,None,,False,False,False,False,28,29,NA,NA,Breast-AdenoCa,DO218408
KMT2C,Breast-LobularCa,KMT2C|7|151949738|151949739|-|A|Frame_Shift_Ins,yes,KMT2C,7,151949738,151949739,+,Frame_Shift_Ins,INS,-,-,A,,,fc8130e0-a39a-23b5-e040-11ac0c483270,fc8130e0-a397-23b5-e040-11ac0c483270,g.chr7:151949738_151949739insA,TGTCACATATCAGGCAATTGTG,0.376,NA,,"broad,dkfz,sanger,smufin",NA,NA,NA,NA,4,NA,NA,NA,0.1539,NA,NA,None,,,,,,8,44,0.992,NA,Breast-LobularCa,DO218377
KMT2C,Breast-AdenoCa,KMT2C|7|152007139|152007139|C|-|Frame_Shift_Del,yes,KMT2C,7,152007139,152007139,+,Frame_Shift_Del,DEL,C,C,-,rs372803417,,fca3f7d0-2231-661c-e040-11ac0c4832fd,fca3f7d0-222e-661c-e040-11ac0c4832fd,g.chr7:152007139delC,CTCCACACAACGGTGATGAGC,0.388,,,"broad,dkfz,sanger,smufin",NA,NA,NA,NA,4,NA,NA,NA,0.1951,NA,NA,None,,,,,,8,33,0.994,NA,Breast-AdenoCa,DO52561
MAP2K4,Breast-AdenoCa,MAP2K4|17|11984671|11984672|AG|-|Splice_Site,yes,MAP2K4,17,11984671,11984672,+,Splice_Site,DEL,AG,AG,-,,,f393bb05-53c2-f80a-e040-11ac0d484528,f393bb04-2413-2f19-e040-11ac0d484526,g.chr17:11984671_11984672delAG,ATATTTTAACAGAGAGAGACTG,0.351,,,"broad,dkfz,sanger,smufin",NA,NA,NA,NA,4,NA,NA,NA,0.5405,NA,NA,None,,,,,,20,17,0.999,NA,Breast-AdenoCa,DO1007
MAP2K4,Breast-AdenoCa,MAP2K4|17|12016647|12016660|AAGAGATGCTGGCT|-|Frame_Shift_Del,yes,MAP2K4,17,12016647,12016660,+,Frame_Shift_Del,DEL,AAGAGATGCTGGCT,AAGAGATGCTGGCT,-,rs138304516|rs200798818,,f7b84b5d-8f28-e6b7-e040-11ac0c484704,f7b84b5d-8f25-e6b7-e040-11ac0c484704,g.chr17:12016647_12016660delAAGAGATGCTGGCT,TTGCCAAGACAAGAGATGCTGGCTGTAGGCCATA,0.458,NA,,"dkfz,sanger,smufin",NA,NA,NA,NA,3,NA,NA,NA,0.4348,NA,NA,None,,,,,,10,13,0.985,NA,Breast-AdenoCa,DO218060
MAP2K4,Breast-AdenoCa,MAP2K4|17|12016556|12016556|A|T|Missense_Mutation,yes,MAP2K4,17,12016556,12016556,+,Missense_Mutation,SNP,A,A,T,rs536223681,,f7c6a336-3126-7580-e040-11ac0c485971,f7c6a336-3123-7580-e040-11ac0c485971,g.chr17:12016556A>T,GCAGATATCAAACCTTCCAAT,0.368,NA,,"broad,dkfz,muse",NA,NA,NA,NA,3,NA,NA,NA,0.1613,NA,NA,None,,False,False,False,False,5,26,NA,NA,Breast-AdenoCa,DO217787
MAP2K4,Breast-AdenoCa,MAP2K4|17|11984783|11984783|G|C|Missense_Mutation,yes,MAP2K4,17,11984783,11984783,+,Missense_Mutation,SNP,G,G,C,,,fc8130e0-0bc1-bba7-e040-11ac0c483289,fc8130e0-0bbe-bba7-e040-11ac0c483289,g.chr17:11984783G>C,GAAATTGGACGAGGAGCTTAT,0.418,NA,,"broad,dkfz,muse,sanger",NA,NA,NA,NA,4,NA,NA,NA,0.2432,NA,NA,None,,False,False,False,False,9,28,NA,NA,Breast-AdenoCa,DO218506
MAP3K1,Breast-DCIS,MAP3K1|5|56161230|56161230|C|T|Nonsense_Mutation,yes,MAP3K1,5,56161230,56161230,+,Nonsense_Mutation,SNP,C,C,T,,,f393ba16-9361-5df4-e040-11ac0d4844e8,f393baf7-fd1b-c4f5-e040-11ac0d484500,g.chr5:56161230C>T,CCGGGTGTTTCAACTAGAACC,0.333,,,"broad,dkfz,muse,sanger",NA,NA,NA,NA,4,NA,NA,NA,0.4884,NA,NA,None,,False,False,False,False,21,22,NA,NA,Breast-DCIS,DO1000
MAP3K1,Breast-AdenoCa,MAP3K1|5|56181792|56181792|G|A|Missense_Mutation,yes,MAP3K1,5,56181792,56181792,+,Missense_Mutation,SNP,G,G,A,,,f7c7373c-1972-4968-e040-11ac0d486e80,f7c7373c-1971-4968-e040-11ac0d486e80,g.chr5:56181792G>A,AGTAAATATGGAGCCTTCAAA,0.348,,,"broad,dkfz,muse,sanger",NA,NA,NA,NA,4,NA,NA,NA,0.127,NA,NA,None,,False,False,False,False,8,55,NA,NA,Breast-AdenoCa,DO218173
MAP3K1,Breast-AdenoCa,MAP3K1|5|56178529|56178541|AAAGATGATGTGA|-|Frame_Shift_Del,yes,MAP3K1,5,56178529,56178541,+,Frame_Shift_Del,DEL,AAAGATGATGTGA,AAAGATGATGTGA,-,rs371873794|rs200688104,,f7d7b3db-02af-61cb-e040-11ac0c480c03,f7d7b3db-02ac-61cb-e040-11ac0c480c03,g.chr5:56178529_56178541delAAAGATGATGTGA,TGATACCTACAAAGATGATGTGAATCATAATCA,0.413,NA,,"broad,dkfz,sanger,smufin",NA,NA,NA,NA,4,NA,NA,NA,0.2317,NA,NA,None,,,,,,19,63,0.997,NA,Breast-AdenoCa,DO217908
MAP3K1,Breast-AdenoCa,MAP3K1|5|56168472|56168481|AGAAGAGTGT|-|Frame_Shift_Del,yes,MAP3K1,5,56168472,56168481,+,Frame_Shift_Del,DEL,AGAAGAGTGT,AGAAGAGTGT,-,,,f80293b8-ddb7-f575-e040-11ac0d48309d,f80293b8-ddb4-f575-e040-11ac0d48309d,g.chr5:56168472_56168481delAGAAGAGTGT,TTTCAGGGGCAGAAGAGTGTAGAAGAAATA,0.267,NA,,"broad,dkfz,sanger,smufin",NA,NA,NA,NA,4,NA,NA,NA,0.2619,NA,NA,None,,,,,,11,31,0.996,NA,Breast-AdenoCa,DO218770
MAP3K1,Breast-AdenoCa,MAP3K1|5|56177763|56177763|A|-|Frame_Shift_Del,yes,MAP3K1,5,56177763,56177763,+,Frame_Shift_Del,DEL,A,A,-,,,fc447d53-24d1-c83d-e040-11ac0c4846a6,fc447d53-24ce-c83d-e040-11ac0c4846a6,g.chr5:56177763delA,AGAAAACTGGAAAAGGATTAT,0.443,NA,,"broad,dkfz,sanger,smufin",NA,NA,NA,NA,4,NA,NA,NA,0.3478,NA,NA,None,,,,,,24,45,0.999,NA,Breast-AdenoCa,DO52548
MAP3K1,Breast-AdenoCa,MAP3K1|5|56177784|56177785|-|T|Frame_Shift_Ins,yes,MAP3K1,5,56177784,56177785,+,Frame_Shift_Ins,INS,-,-,T,rs200375119,,fc8130df-18fe-c74d-e040-11ac0d485df2,fc8130df-18fb-c74d-e040-11ac0d485df2,g.chr5:56177784_56177785insT,GTGCTACAAAATTGAGTGCCAG,0.431,NA,,"broad,sanger,smufin",NA,NA,NA,NA,3,NA,NA,NA,0.3462,NA,NA,None,,,,,,18,34,0.996,NA,Breast-AdenoCa,DO218583
MAP3K1,Breast-AdenoCa,MAP3K1|5|56181844|56181845|-|CTTTCGTATCT|Frame_Shift_Ins,yes,MAP3K1,5,56181844,56181845,+,Frame_Shift_Ins,INS,-,-,CTTTCGTATCT,rs201715740,,fc8130df-18fe-c74d-e040-11ac0d485df2,fc8130df-18fb-c74d-e040-11ac0d485df2,g.chr5:56181844_56181845insCTTTCGTATCT,TACTCCGTGGCCTTTCGTATCT,0.337,NA,,"broad,dkfz,sanger,smufin",NA,NA,NA,NA,4,NA,NA,NA,0.2292,NA,NA,None,,,,,,11,37,0.996,NA,Breast-AdenoCa,DO218583
MAP3K1,Breast-AdenoCa,MAP3K1|5|56171091|56171091|C|A|Nonsense_Mutation,yes,MAP3K1,5,56171091,56171091,+,Nonsense_Mutation,SNP,C,C,A,,,fc8130df-2628-304a-e040-11ac0d485dfa,fc8130df-2625-304a-e040-11ac0d485dfa,g.chr5:56171091C>A,AGCGTTCTGTCAATGGTCTGT,0.512,NA,,"broad,dkfz,muse,sanger",NA,NA,NA,NA,4,NA,NA,NA,0.25,NA,NA,None,,False,False,False,False,11,33,NA,NA,Breast-AdenoCa,DO220822
MAP3K1,Breast-AdenoCa,MAP3K1|5|56155715|56155716|AA|-|Frame_Shift_Del,yes,MAP3K1,5,56155715,56155716,+,Frame_Shift_Del,DEL,AA,AA,-,,,fc8130df-35ac-2304-e040-11ac0d485dda,fc8130df-35a9-2304-e040-11ac0d485dda,g.chr5:56155715_56155716delAA,CTCCAGGAGTAAGGAGAAAAAG,0.436,,,"broad,dkfz,sanger,smufin",NA,NA,NA,NA,4,NA,NA,NA,0.4348,NA,NA,None,,,,,,20,26,0.999,NA,Breast-AdenoCa,DO218168
MAP3K1,Breast-DCIS,MAP3K1|5|56178434|56178434|T|-|Frame_Shift_Del,yes,MAP3K1,5,56178434,56178434,+,Frame_Shift_Del,DEL,T,T,-,rs540022642,,fc8130e0-0bfa-bba4-e040-11ac0c48328d,fc8130e0-0bf7-bba4-e040-11ac0c48328d,g.chr5:56178434delT,GAGGACCTTCTTGAAGCATCT,0.413,NA,,"broad,dkfz,sanger,smufin",NA,NA,NA,NA,4,NA,NA,NA,0.375,NA,NA,None,,,,,,21,35,0.999,NA,Breast-DCIS,DO218478
MAP3K1,Breast-AdenoCa,MAP3K1|5|56170936|56170937|-|CATGATGT|Frame_Shift_Ins,yes,MAP3K1,5,56170936,56170937,+,Frame_Shift_Ins,INS,-,-,CATGATGT,,,fc8130e0-0d25-b475-e040-11ac0c483277,fc8130e0-0d22-b475-e040-11ac0c483277,g.chr5:56170936_56170937insCATGATGT,GGCGTCTTTCCCATGATGTCAG,0.54,NA,,"broad,dkfz,sanger,smufin",NA,NA,NA,NA,4,NA,NA,NA,0.1905,NA,NA,None,,,,,,8,34,0.993,NA,Breast-AdenoCa,DO218072
MAP3K1,Breast-AdenoCa,MAP3K1|5|56179455|56179457|TTG|-|In_Frame_Del,yes,MAP3K1,5,56179455,56179457,+,In_Frame_Del,DEL,TTG,TTG,-,,,fc8130e0-0d25-b475-e040-11ac0c483277,fc8130e0-0d22-b475-e040-11ac0c483277,g.chr5:56179455_56179457delTTG,CATTTTCTTCTTGTTATCAGGCT,0.394,NA,,"dkfz,sanger,smufin",NA,NA,NA,NA,3,NA,NA,NA,0.2549,NA,NA,None,,,,,,13,38,0.963,NA,Breast-AdenoCa,DO218072
MAP3K1,Breast-AdenoCa,MAP3K1|5|56189459|56189460|-|CCA|In_Frame_Ins,yes,MAP3K1,5,56189459,56189460,+,In_Frame_Ins,INS,-,-,CCA,rs140786199,byFrequency,fc8130e0-0db6-b568-e040-11ac0c483281,fc8130e0-0db3-b568-e040-11ac0c483281,g.chr5:56189459_56189460insCCA,AGGACAGACCTCCATCAAGAGA,0.436,NA,,"broad,dkfz,sanger,smufin",NA,NA,NA,NA,4,NA,NA,NA,0.2321,NA,NA,None,,,,,,13,43,0.996,NA,Breast-AdenoCa,DO217800
MAP3K1,Breast-LobularCa,MAP3K1|5|56167803|56167804|-|A|Frame_Shift_Ins,yes,MAP3K1,5,56167803,56167804,+,Frame_Shift_Ins,INS,-,-,A,,,fc8130e0-0fde-b756-e040-11ac0c48328b,fc8130e0-0fdb-b756-e040-11ac0c48328b,g.chr5:56167803_56167804insA,AAGAAAGTCTTACAGTGTGTGA,0.421,NA,,"dkfz,sanger,smufin",NA,NA,NA,NA,3,NA,NA,NA,0.1667,NA,NA,None,,,,,,8,40,0.912,NA,Breast-LobularCa,DO218167
MAP3K1,Breast-LobularCa,MAP3K1|5|56177655|56177655|T|-|Frame_Shift_Del,yes,MAP3K1,5,56177655,56177655,+,Frame_Shift_Del,DEL,T,T,-,,,fc8130e0-0fde-b756-e040-11ac0c48328b,fc8130e0-0fdb-b756-e040-11ac0c48328b,g.chr5:56177655delT,TAGAAGACACTTTGGATGGTC,0.498,NA,,"dkfz,sanger,smufin",NA,NA,NA,NA,3,NA,NA,NA,0.234,NA,NA,None,,,,,,11,36,0.964,NA,Breast-LobularCa,DO218167
MAP3K1,Breast-AdenoCa,MAP3K1|5|56155721|56155722|AA|-|Frame_Shift_Del,yes,MAP3K1,5,56155721,56155722,+,Frame_Shift_Del,DEL,AA,AA,-,,,fc81312a-99ae-7672-e040-11ac0c4832a2,fc81312a-99ab-7672-e040-11ac0c4832a2,g.chr5:56155721_56155722delAA,GAGTAAGGAGAAAAAGAGTTTC,0.431,NA,,"broad,dkfz,sanger,smufin",NA,NA,NA,NA,4,NA,NA,NA,0.2632,NA,NA,None,,,,,,15,42,0.998,NA,Breast-AdenoCa,DO218502
MAP3K1,Breast-AdenoCa,MAP3K1|5|56161213|56161213|T|A|Missense_Mutation,yes,MAP3K1,5,56161213,56161213,+,Missense_Mutation,SNP,T,T,A,,,fc81312a-d451-38fb-e040-11ac0c4832a4,fc81312a-d44e-38fb-e040-11ac0c4832a4,g.chr5:56161213T>A,CTGCTATTTGTGATGCTCCGG,0.348,NA,,"broad,dkfz,muse,sanger",NA,NA,NA,NA,4,NA,NA,NA,0.1507,NA,NA,None,,False,False,False,False,11,62,NA,NA,Breast-AdenoCa,DO220821
MCL1,Breast-AdenoCa,MCL1|1|150551751|150551752|CC|GA|Missense_Mutation,yes,MCL1,1,150551751,150551752,+,Missense_Mutation,DNP,CC,CC,GA,,,f393bb00-888d-710f-e040-11ac0d484518,f393bb01-6224-e9fa-e040-11ac0d484523,g.chr1:150551751_150551752CC>GA,ACGTCGGGGACCTCGGCGCCAA,0.762,,,"broad,dkfz,muse,sanger|broad,dkfz,muse",NA,NA,NA,NA,4|3,NA,NA,NA,0.3077,NA,NA,None,,False,False,False,False,4,9,NA,NA,Breast-AdenoCa,DO1006
MECOM,Breast-LobularCa,MECOM|3|168845775|168845775|C|A|Missense_Mutation,yes,MECOM,3,168845775,168845775,+,Missense_Mutation,SNP,C,C,A,,,fc8130df-8e4e-586b-e040-11ac0d485e08,fc8130df-8e4b-586b-e040-11ac0d485e08,g.chr3:168845775C>A,TGCATGGAAACTTTTGGTGAT,0.433,NA,,"broad,dkfz,muse",NA,NA,NA,NA,3,NA,NA,NA,0.0606,NA,NA,None,,False,False,False,False,6,93,NA,NA,Breast-LobularCa,DO218062
NCOR1,Breast-AdenoCa,NCOR1|17|16046958|16046958|C|A|Nonsense_Mutation,yes,NCOR1,17,16046958,16046958,+,Nonsense_Mutation,SNP,C,C,A,,,097a7d36-905b-72be-e050-11ac0d482c9a,097a7d36-9058-72be-e050-11ac0d482c9a,g.chr17:16046958C>A,TCAGAAATCTCATGCTCACTC,0.343,,,"broad,dkfz,muse,sanger",NA,NA,NA,NA,4,NA,NA,NA,0.4145,NA,NA,None,,False,False,False,False,97,137,NA,NA,Breast-AdenoCa,DO1076
NCOR1,Breast-AdenoCa,NCOR1|17|16024381|16024381|G|C|Missense_Mutation,yes,NCOR1,17,16024381,16024381,+,Missense_Mutation,SNP,G,G,C,,,f393bafe-7503-5c45-e040-11ac0d484511,f393bb00-eca8-1758-e040-11ac0d48451f,g.chr17:16024381G>C,TCTGGTGGCGGTGGCAGAGGT,0.547,,,"dkfz,sanger",NA,NA,NA,NA,2,NA,NA,NA,0.5625,NA,NA,None,,False,False,False,True,9,7,NA,NA,Breast-AdenoCa,DO1004
NCOR1,Breast-AdenoCa,NCOR1|17|16024381|16024427|GTGGCAGAGGTGGTGGGGGCTCTTCAGTAGCCGCTGCGGCTGCAGCA|-|Frame_Shift_Del,yes,NCOR1,17,16024381,16024427,+,Frame_Shift_Del,DEL,GTGGCAGAGGTGGTGGGGGCTCTTCAGTAGCCGCTGCGGCTGCAGCA,GTGGCAGAGGTGGTGGGGGCTCTTCAGTAGCCGCTGCGGCTGCAGCA,-,rs372825477,,f393bafe-7503-5c45-e040-11ac0d484511,f393bb00-eca8-1758-e040-11ac0d48451f,g.chr17:16024381_16024427delGTGGCAGAGGTGGTGGGGGCTCTTCAGTAGCCGCTGCGGCTGCAGCA,TCTGGTGGCGGTGGCAGAGGTGGTGGGGGCTCTTCAGTAGCCGCTGCGGCTGCAGCACTGGCAGCTG,0.567,,,sanger,NA,NA,NA,NA,1,NA,NA,NA,0.4762,NA,NA,None,,,,,,10,11,0.914,NA,Breast-AdenoCa,DO1004
NCOR1,Breast-AdenoCa,NCOR1|17|15983280|15983280|G|A|Nonsense_Mutation,yes,NCOR1,17,15983280,15983280,+,Nonsense_Mutation,SNP,G,G,A,,,f7c7373c-1972-4968-e040-11ac0d486e80,f7c7373c-1971-4968-e040-11ac0d486e80,g.chr17:15983280G>A,TGACTAACCTGAGTGATAGAG,0.418,,,"broad,dkfz,muse,sanger",NA,NA,NA,NA,4,NA,NA,NA,0.2353,NA,NA,None,,False,False,False,False,8,26,NA,NA,Breast-AdenoCa,DO218173
NCOR1,Breast-LobularCa,NCOR1|17|15983936|15983936|C|A|Nonsense_Mutation,yes,NCOR1,17,15983936,15983936,+,Nonsense_Mutation,SNP,C,C,A,,,fc8130e0-0fde-b756-e040-11ac0c48328b,fc8130e0-0fdb-b756-e040-11ac0c48328b,g.chr17:15983936C>A,TTGGCAGATTCCTGTTGCCGT,0.433,NA,,"broad,dkfz,muse,sanger",NA,NA,NA,NA,4,NA,NA,NA,0.2069,NA,NA,None,,False,False,False,False,6,23,NA,NA,Breast-LobularCa,DO218167
NCOR1,Breast-AdenoCa,NCOR1|17|16029456|16029457|-|T|Frame_Shift_Ins,yes,NCOR1,17,16029456,16029457,+,Frame_Shift_Ins,INS,-,-,T,,,fc81312a-99ae-7672-e040-11ac0c4832a2,fc81312a-99ab-7672-e040-11ac0c4832a2,g.chr17:16029456_16029457insT,ttttttttctgttttttctgct,0.297,NA,,"broad,dkfz,sanger",NA,NA,NA,NA,3,NA,NA,NA,0.3889,NA,NA,None,CT-rich,,,,,14,22,0.998,NA,Breast-AdenoCa,DO218502
PRKCI,Breast-AdenoCa,PRKCI|3|169981214|169981214|G|C|Missense_Mutation,yes,PRKCI,3,169981214,169981214,+,Missense_Mutation,SNP,G,G,C,,,097a7d36-905b-72be-e050-11ac0d482c9a,097a7d36-9058-72be-e050-11ac0d482c9a,g.chr3:169981214G>C,TCCAGGAGAAGATAGTGAGTG,0.353,,,"broad,dkfz,muse,sanger",NA,NA,NA,NA,4,NA,NA,NA,0.2335,NA,NA,None,,False,False,False,False,46,151,NA,NA,Breast-AdenoCa,DO1076
PIK3CA,Breast-AdenoCa,PIK3CA|3|178916946|178916946|G|C|Missense_Mutation,yes,PIK3CA,3,178916946,178916946,+,Missense_Mutation,SNP,G,G,C,,,097a7d36-905b-72be-e050-11ac0d482c9a,097a7d36-9058-72be-e050-11ac0d482c9a,g.chr3:178916946G>C,GTGAAGAAAAGATCCTCAATC,0.328,,,"broad,dkfz,muse,sanger",NA,NA,NA,NA,4,NA,NA,NA,0.3443,NA,NA,None,,False,False,False,False,84,160,NA,NA,Breast-AdenoCa,DO1076
PIK3CA,Breast-AdenoCa,PIK3CA|3|178952085|178952085|A|G|Missense_Mutation,yes,PIK3CA,3,178952085,178952085,+,Missense_Mutation,SNP,A,A,G,rs121913279,,097a7d36-905b-72be-e050-11ac0d482c9a,097a7d36-9058-72be-e050-11ac0d482c9a,g.chr3:178952085A>G,AATGATGCACATCATGGTGGC,0.378,,,"broad,dkfz,muse,sanger",NA,NA,NA,NA,4,NA,NA,NA,0.3602,NA,NA,None,,False,False,False,False,85,151,NA,NA,Breast-AdenoCa,DO1076
PIK3CA,Breast-AdenoCa,PIK3CA|3|178936101|178936101|A|C|Missense_Mutation,yes,PIK3CA,3,178936101,178936101,+,Missense_Mutation,SNP,A,A,C,,,f393bafe-c99f-3725-e040-11ac0d484514,f393bafc-ec46-d48a-e040-11ac0d48450e,g.chr3:178936101A>C,GAGCAGGAGAAAGATTTTCTA,0.363,NA,,"broad,muse",NA,NA,NA,NA,2,NA,NA,NA,0.125,NA,NA,None,,False,False,False,False,3,21,NA,NA,Breast-AdenoCa,DO1003
NF1,Breast-AdenoCa,NF1|17|29657489|29657489|G|C|Missense_Mutation,yes,NF1,17,29657489,29657489,+,Missense_Mutation,SNP,G,G,C,,,f393bb0a-df7d-645c-e040-11ac0d484550,f393bb08-e983-11f4-e040-11ac0d484540,g.chr17:29657489G>C,ATTTTTGGAAGAGTGTATTTC,0.338,,,"broad,dkfz,muse,sanger",NA,NA,NA,NA,4,NA,NA,NA,0.3,NA,NA,None,,False,False,False,False,6,14,NA,NA,Breast-AdenoCa,DO1016
PIK3CA,Breast-AdenoCa,PIK3CA|3|178936094|178936094|C|A|Missense_Mutation,yes,PIK3CA,3,178936094,178936094,+,Missense_Mutation,SNP,C,C,A,rs121913286,,f7b847e5-0f5d-69b4-e040-11ac0c4845fe,f7b847e5-0f5a-69b4-e040-11ac0c4845fe,g.chr3:178936094C>A,AATCACTGAGCAGGAGAAAGA,0.358,NA,,"broad,dkfz,muse,sanger",NA,NA,NA,NA,4,NA,NA,NA,0.4286,NA,NA,None,,False,False,False,False,15,20,NA,NA,Breast-AdenoCa,DO217939
PIK3CA,Breast-AdenoCa,PIK3CA|3|178916640|178916666|ACTGTGGGGCATCCACTTGATGCCCCC|-|In_Frame_Del,yes,PIK3CA,3,178916640,178916666,+,In_Frame_Del,DEL,ACTGTGGGGCATCCACTTGATGCCCCC,ACTGTGGGGCATCCACTTGATGCCCCC,-,,,f7b84b5d-8f28-e6b7-e040-11ac0c484704,f7b84b5d-8f25-e6b7-e040-11ac0c484704,g.chr3:178916640_178916666delACTGTGGGGCATCCACTTGATGCCCCC,CATCAGGTGAACTGTGGGGCATCCACTTGATGCCCCCAAGAATCCTA,0.383,NA,,"broad,dkfz,sanger",NA,NA,NA,NA,3,NA,NA,NA,0.2973,NA,NA,None,,,,,,11,26,0.994,NA,Breast-AdenoCa,DO218060
PIK3CA,Breast-AdenoCa,PIK3CA|3|178916924|178916924|C|T|Missense_Mutation,yes,PIK3CA,3,178916924,178916924,+,Missense_Mutation,SNP,C,C,T,,,f7b84bac-f161-9eee-e040-11ac0c4847ed,f7b84bac-f15e-9eee-e040-11ac0c4847ed,g.chr3:178916924C>T,GTAATTGAACCAGTAGGCAAC,0.353,,,"broad,dkfz,muse,sanger",NA,NA,NA,NA,4,NA,NA,NA,0.1636,NA,NA,None,,False,False,False,False,9,46,NA,NA,Breast-AdenoCa,DO218205
PIK3CA,Breast-AdenoCa,PIK3CA|3|178936091|178936091|G|A|Missense_Mutation,yes,PIK3CA,3,178936091,178936091,+,Missense_Mutation,SNP,G,G,A,rs104886003,,f7b84c09-15d4-3046-e040-11ac0c4847ff,f7b84c09-15d1-3046-e040-11ac0c4847ff,g.chr3:178936091G>A,TGAAATCACTGAGCAGGAGAA,0.353,NA,,"broad,dkfz,muse,sanger",NA,NA,NA,NA,4,NA,NA,NA,0.587,NA,NA,None,,False,False,False,False,27,19,NA,NA,Breast-AdenoCa,DO217962
PIK3CA,Breast-AdenoCa,PIK3CA|3|178916920|178916925|GAACCA|-|In_Frame_Del,yes,PIK3CA,3,178916920,178916925,+,In_Frame_Del,DEL,GAACCA,GAACCA,-,,,f7c6a336-3126-7580-e040-11ac0c485971,f7c6a336-3123-7580-e040-11ac0c485971,g.chr3:178916920_178916925delGAACCA,AAAAGTAATTGAACCAGTAGGCAACC,0.35,NA,,"broad,dkfz,sanger,smufin",NA,NA,NA,NA,4,NA,NA,NA,0.186,NA,NA,None,,,,,,8,35,0.99,NA,Breast-AdenoCa,DO217787
PIK3CA,Breast-AdenoCa,PIK3CA|3|178927980|178927985|TGTCCA|-|In_Frame_Del,yes,PIK3CA,3,178927980,178927985,+,In_Frame_Del,DEL,TGTCCA,TGTCCA,-,rs121913272|rs199927451,,fc8130df-1bc2-c537-e040-11ac0d485de6,fc8130df-1bbf-c537-e040-11ac0d485de6,g.chr3:178927980_178927985delTGTCCA,TAAGGAACACTGTCCATTGGCATGGG,0.325,NA,,"broad,dkfz,sanger,smufin",NA,NA,NA,NA,4,NA,NA,NA,0.3929,NA,NA,None,,,,,,11,17,0.998,NA,Breast-AdenoCa,DO218159
NF1,Breast-AdenoCa,NF1|17|29557277|29557277|G|T|Splice_Site,yes,NF1,17,29557277,29557277,+,Splice_Site,SNP,G,G,T,,,f7e7b258-b4b2-e6c5-e040-11ac0d486773,f7e7b258-b4af-e6c5-e040-11ac0d486773,g.chr17:29557277G>T,TGTCTATATAGGTATGTTCGT,0.313,,,"broad,dkfz,muse,sanger",NA,NA,NA,NA,4,NA,NA,NA,0.8333,NA,NA,None,,False,False,False,False,25,5,NA,NA,Breast-AdenoCa,DO218828
NF1,Breast-AdenoCa,NF1|17|29552228|29552228|C|T|Missense_Mutation,yes,NF1,17,29552228,29552228,+,Missense_Mutation,SNP,C,C,T,,,f7f3e156-0dde-72b9-e040-11ac0d48542c,f7f3e156-0ddb-72b9-e040-11ac0d48542c,g.chr17:29552228C>T,CTACGTACTCCTGGAGCCTCT,0.413,NA,,"broad,muse",NA,NA,NA,NA,2,NA,NA,NA,0.0426,NA,NA,None,,False,False,False,False,4,90,NA,NA,Breast-AdenoCa,DO218796
NOTCH2,Breast-AdenoCa,NOTCH2|1|120491638|120491638|C|T|Missense_Mutation,yes,NOTCH2,1,120491638,120491638,+,Missense_Mutation,SNP,C,C,T,,,fc5dc6d8-62d2-76d8-e040-11ac0d4863c3,fc5dc6d8-62cf-76d8-e040-11ac0d4863c3,g.chr1:120491638C>T,ACCTTGCCAGCCAGGAGCACA,0.463,NA,,"broad,muse",NA,NA,NA,NA,2,NA,NA,NA,0.0816,NA,NA,None,,False,False,False,False,4,45,NA,NA,Breast-AdenoCa,DO52544
NOTCH2,Breast-AdenoCa,NOTCH2|1|120506265|120506265|C|T|Missense_Mutation,yes,NOTCH2,1,120506265,120506265,+,Missense_Mutation,SNP,C,C,T,,,fc5dc6d8-62d2-76d8-e040-11ac0d4863c3,fc5dc6d8-62cf-76d8-e040-11ac0d4863c3,g.chr1:120506265C>T,ATCGTTCAGGCAAGGGCTGCT,0.532,NA,,"broad,muse",NA,NA,NA,NA,2,NA,NA,NA,0.0862,NA,NA,None,,False,False,False,False,5,53,NA,NA,Breast-AdenoCa,DO52544
NF1,Breast-AdenoCa,NF1|17|29653016|29653016|G|A|Missense_Mutation,yes,NF1,17,29653016,29653016,+,Missense_Mutation,SNP,G,G,A,,,fc8130df-1cdd-cade-e040-11ac0d485dec,fc8130df-1cda-cade-e040-11ac0d485dec,g.chr17:29653016G>A,CTTTGCTTACGACAACGTCTC,0.453,NA,,"broad,dkfz,muse,sanger",NA,NA,NA,NA,4,NA,NA,NA,0.28,NA,NA,None,,False,False,False,False,14,36,NA,NA,Breast-AdenoCa,DO218174
NF1,Breast-AdenoCa,NF1|17|29652923|29652927|ATTGT|-|Frame_Shift_Del,yes,NF1,17,29652923,29652927,+,Frame_Shift_Del,DEL,ATTGT,ATTGT,-,,,fc8130df-2d5f-3b53-e040-11ac0d485dee,fc8130df-2d5c-3b53-e040-11ac0d485dee,g.chr17:29652923_29652927delATTGT,GCCATATGAAATTGTAGTGGACCTT,0.395,,,"broad,dkfz,sanger,smufin",NA,NA,NA,NA,4,NA,NA,NA,0.3667,NA,NA,None,,,,,,11,19,0.998,NA,Breast-AdenoCa,DO218404
NF1,Breast-AdenoCa,NF1|17|29661916|29661917|-|T|Frame_Shift_Ins,yes,NF1,17,29661916,29661917,+,Frame_Shift_Ins,INS,-,-,T,,,fc81312a-99ae-7672-e040-11ac0c4832a2,fc81312a-99ab-7672-e040-11ac0c4832a2,g.chr17:29661916_29661917insT,AATCTAGTTCGTTTTTGCAAGC,0.356,NA,,"broad,dkfz,sanger,smufin",NA,NA,NA,NA,4,NA,NA,NA,0.3333,NA,NA,None,,,,,,10,20,0.998,NA,Breast-AdenoCa,DO218502
NF1,Breast-AdenoCa,NF1|17|29654650|29654650|T|G|Nonsense_Mutation,yes,NF1,17,29654650,29654650,+,Nonsense_Mutation,SNP,T,T,G,,,fc9ef456-75a2-5967-e040-11ac0c484477,fc9ef456-759f-5967-e040-11ac0c484477,g.chr17:29654650T>G,CAGTTCACCTTAACCATTGCA,0.463,NA,,"broad,dkfz,muse,sanger",NA,NA,NA,NA,4,NA,NA,NA,0.3571,NA,NA,None,,False,False,False,False,10,18,NA,NA,Breast-AdenoCa,DO52547
PIK3CA,Breast-AdenoCa,PIK3CA|3|178921553|178921553|T|A|Missense_Mutation,yes,PIK3CA,3,178921553,178921553,+,Missense_Mutation,SNP,T,T,A,rs121913284,,fc8130df-3225-3f96-e040-11ac0d485dfe,fc8130df-3222-3f96-e040-11ac0d485dfe,g.chr3:178921553T>A,CCTACGTGAATGTAAATATTC,0.308,NA,,"broad,dkfz,muse,sanger",NA,NA,NA,NA,4,NA,NA,NA,0.1304,NA,NA,None,,False,False,False,False,9,60,NA,NA,Breast-AdenoCa,DO218176
PIK3CA,Breast-AdenoCa,PIK3CA|3|178917478|178917478|G|A|Splice_Site,yes,PIK3CA,3,178917478,178917478,+,Splice_Site,SNP,G,G,A,,,fc8130df-34f8-22c6-e040-11ac0d485de8,fc8130df-34f5-22c6-e040-11ac0d485de8,g.chr3:178917478G>A,TTTATTAAAGGTTTTGCTATC,0.338,NA,,"broad,dkfz,muse,sanger",NA,NA,NA,NA,4,NA,NA,NA,0.2121,NA,NA,None,,False,False,False,False,14,52,NA,NA,Breast-AdenoCa,DO218611
NOTCH2,Breast-LobularCa,NOTCH2|1|120479907|120479907|C|T|Missense_Mutation,yes,NOTCH2,1,120479907,120479907,+,Missense_Mutation,SNP,C,C,T,,,fc8130df-8e4e-586b-e040-11ac0d485e08,fc8130df-8e4b-586b-e040-11ac0d485e08,g.chr1:120479907C>T,GTCCTCACCTCGCATCTGTAT,0.488,NA,,"broad,dkfz,muse,sanger",NA,NA,NA,NA,4,NA,NA,NA,0.1294,NA,NA,None,,False,False,False,False,11,74,NA,NA,Breast-LobularCa,DO218062
NOTCH2,Breast-LobularCa,NOTCH2|1|120480078|120480078|C|G|Missense_Mutation,yes,NOTCH2,1,120480078,120480078,+,Missense_Mutation,SNP,C,C,G,,,fc8130df-8e4e-586b-e040-11ac0d485e08,fc8130df-8e4b-586b-e040-11ac0d485e08,g.chr1:120480078C>G,CACAAGTGTTCAACAAGCACA,0.488,NA,,"broad,dkfz,muse,sanger",NA,NA,NA,NA,4,NA,NA,NA,0.0769,NA,NA,None,,False,False,False,False,6,72,NA,NA,Breast-LobularCa,DO218062
NOTCH2,Breast-LobularCa,NOTCH2|1|120484348|120484348|C|G|Missense_Mutation,yes,NOTCH2,1,120484348,120484348,+,Missense_Mutation,SNP,C,C,G,,,fc8130df-8e4e-586b-e040-11ac0d485e08,fc8130df-8e4b-586b-e040-11ac0d485e08,g.chr1:120484348C>G,TTCACTCCATCCATACAGGAA,0.428,NA,,"broad,dkfz,muse,sanger",NA,NA,NA,NA,4,NA,NA,NA,0.0789,NA,NA,None,,False,False,False,False,6,70,NA,NA,Breast-LobularCa,DO218062
PIK3CA,Breast-AdenoCa,PIK3CA|3|178941944|178941944|C|G|Missense_Mutation,yes,PIK3CA,3,178941944,178941944,+,Missense_Mutation,SNP,C,C,G,,,fc8130e0-096a-b991-e040-11ac0c48327d,fc8130e0-0967-b991-e040-11ac0c48327d,g.chr3:178941944C>G,TCTGTCTCCTCTAAACCCTGC,0.368,,,"broad,dkfz,muse,sanger",NA,NA,NA,NA,4,NA,NA,NA,0.1897,NA,NA,None,,False,False,False,False,11,47,NA,NA,Breast-AdenoCa,DO217844
PIK3CA,Breast-AdenoCa,PIK3CA|3|178952074|178952074|G|A|Missense_Mutation,yes,PIK3CA,3,178952074,178952074,+,Missense_Mutation,SNP,G,G,A,rs121913283,,fc8130e0-096a-b991-e040-11ac0c48327d,fc8130e0-0967-b991-e040-11ac0c48327d,g.chr3:178952074G>A,TGAAACAAATGAATGATGCAC,0.368,,,"broad,dkfz,sanger",NA,NA,NA,NA,3,NA,NA,NA,0.0926,NA,NA,None,,False,False,False,False,5,49,NA,NA,Breast-AdenoCa,DO217844
PIK3CA,Breast-AdenoCa,PIK3CA|3|178952085|178952085|A|T|Missense_Mutation,yes,PIK3CA,3,178952085,178952085,+,Missense_Mutation,SNP,A,A,T,rs121913279,,fc8130e0-09f1-b964-e040-11ac0c48326e,fc8130e0-09ee-b964-e040-11ac0c48326e,g.chr3:178952085A>T,AATGATGCACATCATGGTGGC,0.378,NA,,"broad,dkfz,muse,sanger",NA,NA,NA,NA,4,NA,NA,NA,0.3409,NA,NA,None,,False,False,False,False,15,29,NA,NA,Breast-AdenoCa,DO217887
PIK3CA,Breast-AdenoCa,PIK3CA|3|178952152|178952152|A|G|Nonstop_Mutation,yes,PIK3CA,3,178952152,178952152,+,Nonstop_Mutation,SNP,A,A,G,,,fc8130e0-0d25-b475-e040-11ac0c483277,fc8130e0-0d22-b475-e040-11ac0c483277,g.chr3:178952152A>G,CATTGAACTGAAAAGATAACT,0.393,NA,,"broad,dkfz,muse,sanger",NA,NA,NA,NA,4,NA,NA,NA,0.1489,NA,NA,None,,False,False,False,False,7,40,NA,NA,Breast-AdenoCa,DO218072
PIK3CA,Breast-AdenoCa,PIK3CA|3|178928071|178928085|ATGGATTAGAAGATT|-|In_Frame_Del,yes,PIK3CA,3,178928071,178928085,+,In_Frame_Del,DEL,ATGGATTAGAAGATT,ATGGATTAGAAGATT,-,rs3729683|rs397517200,,fc8130e0-0db6-b568-e040-11ac0c483281,fc8130e0-0db3-b568-e040-11ac0c483281,g.chr3:178928071_178928085delATGGATTAGAAGATT,CCAGTACCTCATGGATTAGAAGATTTGCTGAACCC,0.349,NA,,"broad,dkfz",NA,NA,NA,NA,2,NA,NA,NA,0.2453,NA,NA,None,,,,,,13,40,0.937,NA,Breast-AdenoCa,DO217800
NOTCH2,Breast-LobularCa,NOTCH2|1|120466609|120466609|T|G|Splice_Site,yes,NOTCH2,1,120466609,120466609,+,Splice_Site,SNP,T,T,G,,,fc8130e0-ad63-b804-e040-11ac0d485e10,fc8130e0-ad60-b804-e040-11ac0d485e10,g.chr1:120466609T>G,TTGTCATACCTAGGTAAGGGG,0.473,,,"broad,dkfz,muse,sanger",NA,NA,NA,NA,4,NA,NA,NA,0.2281,NA,NA,None,,False,False,False,False,13,44,NA,NA,Breast-LobularCa,DO218488
PIK3CA,Breast-AdenoCa,PIK3CA|3|178936082|178936082|G|A|Missense_Mutation,yes,PIK3CA,3,178936082,178936082,+,Missense_Mutation,SNP,G,G,A,rs121913273,,fc8130e3-023d-c7d4-e040-11ac0c483295,fc8130e3-023a-c7d4-e040-11ac0c483295,g.chr3:178936082G>A,TCCTCTCTCTGAAATCACTGA,0.333,,,"broad,dkfz,muse,sanger",NA,NA,NA,NA,4,NA,NA,NA,0.4211,NA,NA,None,,False,False,False,False,32,44,NA,NA,Breast-AdenoCa,DO220828
PIK3CA,Breast-AdenoCa,PIK3CA|3|178916929|178916937|GGCAACCGT|-|In_Frame_Del,yes,PIK3CA,3,178916929,178916937,+,In_Frame_Del,DEL,GGCAACCGT,GGCAACCGT,-,rs201193059,,fc81312a-99ae-7672-e040-11ac0c4832a2,fc81312a-99ab-7672-e040-11ac0c4832a2,g.chr3:178916929_178916937delGGCAACCGT,TGAACCAGTAGGCAACCGTGAAGAAAAGA,0.335,NA,,"broad,dkfz,sanger,smufin",NA,NA,NA,NA,4,NA,NA,NA,0.3387,NA,NA,None,,,,,,21,41,0.998,NA,Breast-AdenoCa,DO218502
PIK3CA,Breast-AdenoCa,PIK3CA|3|178916933|178916933|A|T|Missense_Mutation,yes,PIK3CA,3,178916933,178916933,+,Missense_Mutation,SNP,A,A,T,,,fc81312a-d451-38fb-e040-11ac0c4832a4,fc81312a-d44e-38fb-e040-11ac0c4832a4,g.chr3:178916933A>T,CCAGTAGGCAACCGTGAAGAA,0.343,NA,,"broad,dkfz,muse,sanger",NA,NA,NA,NA,4,NA,NA,NA,0.1613,NA,NA,None,,False,False,False,False,10,52,NA,NA,Breast-AdenoCa,DO220821
NOTCH2,Breast-AdenoCa,NOTCH2|1|120458396|120458396|G|A|Nonsense_Mutation,yes,NOTCH2,1,120458396,120458396,+,Nonsense_Mutation,SNP,G,G,A,rs387906747,,fc8edf46-2005-1af4-e040-11ac0d481414,fc8edf46-2002-1af4-e040-11ac0d481414,g.chr1:120458396G>A,CCCGCTGGTTGGGCAATACTG,0.627,NA,,"broad,dkfz,muse,sanger",NA,NA,NA,NA,4,NA,NA,NA,0.1875,NA,NA,None,,False,False,False,False,6,26,NA,NA,Breast-AdenoCa,DO52546
NOTCH2,Breast-AdenoCa,NOTCH2|1|120458918|120458918|C|G|Missense_Mutation,yes,NOTCH2,1,120458918,120458918,+,Missense_Mutation,SNP,C,C,G,,,fc9dbf68-4599-3c64-e040-11ac0d481623,fc9dbf68-4596-3c64-e040-11ac0d481623,g.chr1:120458918C>G,ACTGAACTCTCAGACAGTTGG,0.488,,,"broad,dkfz,muse,sanger",NA,NA,NA,NA,4,NA,NA,NA,0.8039,NA,NA,None,,False,False,False,False,41,10,NA,NA,Breast-AdenoCa,DO52542
NOTCH2,Breast-AdenoCa,NOTCH2|1|120458549|120458549|C|A|Nonsense_Mutation,yes,NOTCH2,1,120458549,120458549,+,Nonsense_Mutation,SNP,C,C,A,,,fca3f7d0-2231-661c-e040-11ac0c4832fd,fca3f7d0-222e-661c-e040-11ac0c4832fd,g.chr1:120458549C>A,CCAAACATCTCATTGTACTGG,0.577,,,"broad,dkfz,muse,sanger",NA,NA,NA,NA,4,NA,NA,NA,0.8065,NA,NA,None,,False,False,False,False,225,54,NA,NA,Breast-AdenoCa,DO52561
NOTCH2,Breast-AdenoCa,NOTCH2|1|120458586|120458586|C|G|Missense_Mutation,yes,NOTCH2,1,120458586,120458586,+,Missense_Mutation,SNP,C,C,G,,,fca3f7d0-2231-661c-e040-11ac0c4832fd,fca3f7d0-222e-661c-e040-11ac0c4832fd,g.chr1:120458586C>G,TGCGGTTCATCCAATCTGCTG,0.562,,,"broad,dkfz,muse,sanger",NA,NA,NA,NA,4,NA,NA,NA,0.825,NA,NA,None,,False,False,False,False,198,42,NA,NA,Breast-AdenoCa,DO52561
TP53,Breast-AdenoCa,TP53|17|7577127|7577127|C|G|Missense_Mutation,yes,TP53,17,7577127,7577127,+,Missense_Mutation,SNP,C,C,G,,,097a7d36-905b-72be-e050-11ac0d482c9a,097a7d36-9058-72be-e050-11ac0d482c9a,g.chr17:7577127C>G,ACACGCACCTCAAAGCTGTTC,0.537,,,"broad,dkfz,muse,sanger",NA,NA,NA,NA,4,NA,NA,NA,0.4332,NA,NA,None,,False,False,False,False,81,106,NA,NA,Breast-AdenoCa,DO1076
TP53,Breast-AdenoCa,TP53|17|7578380|7578380|C|G|Missense_Mutation,yes,TP53,17,7578380,7578380,+,Missense_Mutation,SNP,C,C,G,rs72661117,,097a7d36-905b-72be-e050-11ac0d482c9a,097a7d36-9058-72be-e050-11ac0d482c9a,g.chr17:7578380C>G,CCATCGCTATCTGAGCAGCGC,0.652,,,"broad,dkfz,muse,sanger",NA,NA,NA,NA,4,NA,NA,NA,0.4013,NA,NA,None,,False,False,False,False,63,94,NA,NA,Breast-AdenoCa,DO1076
TP53,Breast-AdenoCa,TP53|17|7578263|7578263|G|-|Frame_Shift_Del,yes,TP53,17,7578263,7578263,+,Frame_Shift_Del,DEL,G,G,-,rs397516435,,f221cbb5-eefa-187f-e040-11ac0c481708,f221cbb5-eef8-187f-e040-11ac0c481708,g.chr17:7578263delG,CCTTCCACTCGGATAAGATGC,0.552,,,"broad,dkfz,sanger,smufin",NA,NA,NA,NA,4,NA,NA,NA,0.5556,NA,NA,None,,,,,,20,16,0.999,NA,Breast-AdenoCa,DO1020
TP53,Breast-AdenoCa,TP53|17|7577539|7577539|G|A|Missense_Mutation,yes,TP53,17,7577539,7577539,+,Missense_Mutation,SNP,G,G,A,rs397516437|rs121912651,,f393baf9-2710-9203-e040-11ac0d484504,f393baf8-9fbc-6986-e040-11ac0d484502,g.chr17:7577539G>A,ATGGGCCTCCGGTTCATGCCG,0.577,NA,,"broad,dkfz,muse,sanger",NA,NA,NA,NA,4,NA,NA,NA,0.5625,NA,NA,None,,False,False,False,False,9,7,NA,NA,Breast-AdenoCa,DO1001
TP53,Breast-AdenoCa,TP53|17|7573998|7573999|CT|-|Frame_Shift_Del,yes,TP53,17,7573998,7573999,+,Frame_Shift_Del,DEL,CT,CT,-,,,f393bafe-c99f-3725-e040-11ac0d484514,f393bafc-ec46-d48a-e040-11ac0d48450e,g.chr17:7573998_7573999delCT,CCTCATTCAGCTCTCGGAACAT,0.569,NA,,"broad,dkfz,sanger,smufin",NA,NA,NA,NA,4,NA,NA,NA,0.1667,NA,NA,None,,,,,,5,25,0.992,NA,Breast-AdenoCa,DO1003
TP53,Breast-AdenoCa,TP53|17|7578212|7578212|G|A|Nonsense_Mutation,yes,TP53,17,7578212,7578212,+,Nonsense_Mutation,SNP,G,G,A,rs397516436,,f393bb01-6ed7-9533-e040-11ac0d484521,f393bb00-57dc-a19e-e040-11ac0d48451c,g.chr17:7578212G>A,ACACTATGTCGAAAAGTGTTT,0.532,NA,,"broad,dkfz,muse,sanger",NA,NA,NA,NA,4,NA,NA,NA,0.5,NA,NA,None,,False,False,False,False,12,12,NA,NA,Breast-AdenoCa,DO1005
TP53,Breast-AdenoCa,TP53|17|7579345|7579357|CAAGAAGCCCAGA|-|Frame_Shift_Del,yes,TP53,17,7579345,7579357,+,Frame_Shift_Del,DEL,CAAGAAGCCCAGA,CAAGAAGCCCAGA,-,rs587781642,,f393bb0a-9b20-a0e5-e040-11ac0d48454e,f393bb09-295a-d281-e040-11ac0d484546,g.chr17:7579345_7579357delCAAGAAGCCCAGA,TCCCAGAATGCAAGAAGCCCAGACGGAAACCGT,0.601,NA,,"broad,dkfz,sanger,smufin",NA,NA,NA,NA,4,NA,NA,NA,0.3947,NA,NA,None,,,,,,15,23,0.999,NA,Breast-AdenoCa,DO1013
TP53,Breast-AdenoCa,TP53|17|7576852|7576852|C|T|Splice_Site,yes,TP53,17,7576852,7576852,+,Splice_Site,SNP,C,C,T,rs11575997,,f393bb0a-df7d-645c-e040-11ac0d484550,f393bb08-e983-11f4-e040-11ac0d484540,g.chr17:7576852C>T,AGACTTAGTACCTGAAGGGTG,0.458,,,"broad,dkfz,muse,sanger",NA,NA,NA,NA,4,NA,NA,NA,0.4348,NA,NA,None,,False,False,False,False,20,26,NA,NA,Breast-AdenoCa,DO1016
TP53,Breast-AdenoCa,TP53|17|7578190|7578190|T|C|Missense_Mutation,yes,TP53,17,7578190,7578190,+,Missense_Mutation,SNP,T,T,C,rs121912666,,f393bb0b-08ed-3335-e040-11ac0d484554,f393bb0e-6a35-9154-e040-11ac0d484564,g.chr17:7578190T>C,AGGCGGCTCATAGGGCACCAC,0.557,,,"broad,dkfz,muse,sanger",NA,NA,NA,NA,4,NA,NA,NA,0.3824,NA,NA,None,,False,False,False,False,13,21,NA,NA,Breast-AdenoCa,DO1010
TP53,Breast-AdenoCa,TP53|17|7579528|7579528|C|T|Nonsense_Mutation,yes,TP53,17,7579528,7579528,+,Nonsense_Mutation,SNP,C,C,T,,,f393bb0c-4178-ca4a-e040-11ac0d48455f,f393bb0b-7c77-877f-e040-11ac0d484556,g.chr17:7579528C>T,CTTCAGTGAACCATTGTTCAA,0.592,NA,,"broad,dkfz,muse,sanger",NA,NA,NA,NA,4,NA,NA,NA,0.5926,NA,NA,None,,False,False,False,False,16,11,NA,NA,Breast-AdenoCa,DO1008
RB1,Breast-AdenoCa,RB1|13|49047519|49047519|C|T|Missense_Mutation,yes,RB1,13,49047519,49047519,+,Missense_Mutation,SNP,C,C,T,,,f7b84bac-f161-9eee-e040-11ac0c4847ed,f7b84bac-f15e-9eee-e040-11ac0c4847ed,g.chr13:49047519C>T,ATTGGTGAATCATTCGGGGTG,0.264,,,"broad,dkfz,muse,sanger",NA,NA,NA,NA,4,NA,NA,NA,0.12,NA,NA,None,,False,False,False,False,6,44,NA,NA,Breast-AdenoCa,DO218205
TP53,Breast-AdenoCa,TP53|17|7576855|7576855|G|A|Nonsense_Mutation,yes,TP53,17,7576855,7576855,+,Nonsense_Mutation,SNP,G,G,A,,,f7b84bac-f161-9eee-e040-11ac0c4847ed,f7b84bac-f15e-9eee-e040-11ac0c4847ed,g.chr17:7576855G>A,CTTAGTACCTGAAGGGTGAAA,0.448,,,"broad,dkfz,muse,sanger",NA,NA,NA,NA,4,NA,NA,NA,0.1714,NA,NA,None,,False,False,False,False,6,29,NA,NA,Breast-AdenoCa,DO218205
TP53,Breast-AdenoCa,TP53|17|7578479|7578479|G|A|Missense_Mutation,yes,TP53,17,7578479,7578479,+,Missense_Mutation,SNP,G,G,A,rs28934874|rs137852790|rs137852791,,f7d70fac-c76f-399e-e040-11ac0c482f9c,f7d70fac-c76c-399e-e040-11ac0c482f9c,g.chr17:7578479G>A,CCGGGCGGGGGTGTGGAATCA,0.612,NA,,"broad,dkfz,muse,sanger",NA,NA,NA,NA,4,NA,NA,NA,0.5714,NA,NA,None,,False,False,False,False,8,6,NA,NA,Breast-AdenoCa,DO217987
TP53,Breast-AdenoCa,TP53|17|7577580|7577580|T|C|Missense_Mutation,yes,TP53,17,7577580,7577580,+,Missense_Mutation,SNP,T,T,C,rs587780073,,f7e7b258-b4b2-e6c5-e040-11ac0d486773,f7e7b258-b4af-e6c5-e040-11ac0d486773,g.chr17:7577580T>C,CATGTAGTTGTAGTGGATGGT,0.572,,,"broad,dkfz,muse,sanger",NA,NA,NA,NA,4,NA,NA,NA,0.8125,NA,NA,None,,False,False,False,False,13,3,NA,NA,Breast-AdenoCa,DO218828
TP53,Breast-AdenoCa,TP53|17|7577538|7577538|C|T|Missense_Mutation,yes,TP53,17,7577538,7577538,+,Missense_Mutation,SNP,C,C,T,rs11540652,,f7f3e156-0dde-72b9-e040-11ac0d48542c,f7f3e156-0ddb-72b9-e040-11ac0d48542c,g.chr17:7577538C>T,GATGGGCCTCCGGTTCATGCC,0.572,NA,,"broad,dkfz,muse,sanger",NA,NA,NA,NA,4,NA,NA,NA,0.2381,NA,NA,None,,False,False,False,False,10,32,NA,NA,Breast-AdenoCa,DO218796
TP53,Breast-AdenoCa,TP53|17|7578263|7578263|G|A|Nonsense_Mutation,yes,TP53,17,7578263,7578263,+,Nonsense_Mutation,SNP,G,G,A,rs397516435,,fc447d4f-2532-c8ea-e040-11ac0c48469f,fc447d4f-252f-c8ea-e040-11ac0c48469f,g.chr17:7578263G>A,CCTTCCACTCGGATAAGATGC,0.552,,,"broad,dkfz,muse,sanger",NA,NA,NA,NA,4,NA,NA,NA,0.3125,NA,NA,None,,False,False,False,False,10,22,NA,NA,Breast-AdenoCa,DO52543
TP53,Breast-AdenoCa,TP53|17|7578394|7578394|T|C|Missense_Mutation,yes,TP53,17,7578394,7578394,+,Missense_Mutation,SNP,T,T,C,,,fc447d51-cdc2-a180-e040-11ac0c4846a4,fc447d51-cdbf-a180-e040-11ac0c4846a4,g.chr17:7578394T>C,GCAGCGCTCATGGTGGGGGCA,0.642,NA,,"broad,dkfz,muse,sanger",NA,NA,NA,NA,4,NA,NA,NA,0.5789,NA,NA,None,,False,False,False,False,11,8,NA,NA,Breast-AdenoCa,DO52538
TP53,Breast-AdenoCa,TP53|17|7577560|7577560|A|C|Missense_Mutation,yes,TP53,17,7577560,7577560,+,Missense_Mutation,SNP,A,A,C,rs397516437,,fc447d53-24d1-c83d-e040-11ac0c4846a6,fc447d53-24ce-c83d-e040-11ac0c4846a6,g.chr17:7577560A>C,CCCATGCAGGAACTGTTACAC,0.572,NA,,"broad,dkfz,muse,sanger",NA,NA,NA,NA,4,NA,NA,NA,0.5455,NA,NA,None,,False,False,False,False,18,15,NA,NA,Breast-AdenoCa,DO52548
PTEN,Breast-AdenoCa,PTEN|10|89717708|89717708|C|T|Nonsense_Mutation,yes,PTEN,10,89717708,89717708,+,Nonsense_Mutation,SNP,C,C,T,,,fc447d55-95d8-0b34-e040-11ac0d483afa,fc447d55-95d5-0b34-e040-11ac0d483afa,g.chr10:89717708C>T,TGAGTTCCCTCAGCCGTTACC,0.418,,,"broad,dkfz,muse,sanger",NA,NA,NA,NA,4,NA,NA,NA,0.3871,NA,NA,None,,False,False,False,False,12,19,NA,NA,Breast-AdenoCa,DO52558
RB1,Breast-AdenoCa,RB1|13|49037866|49037866|G|C|Splice_Site,yes,RB1,13,49037866,49037866,+,Splice_Site,SNP,G,G,C,rs587778860,,fc447d55-95d8-0b34-e040-11ac0d483afa,fc447d55-95d5-0b34-e040-11ac0d483afa,g.chr13:49037866G>C,TTATTTACTAGATTATGATGT,0.289,,,"broad,dkfz,muse,sanger",NA,NA,NA,NA,4,NA,NA,NA,0.5,NA,NA,None,,False,False,False,False,14,14,NA,NA,Breast-AdenoCa,DO52558
TP53,Breast-AdenoCa,TP53|17|7577507|7577507|T|G|Missense_Mutation,yes,TP53,17,7577507,7577507,+,Missense_Mutation,SNP,T,T,G,,,fc447d55-95d8-0b34-e040-11ac0d483afa,fc447d55-95d5-0b34-e040-11ac0d483afa,g.chr17:7577507T>G,ACCTGGAGTCTTCCAGTGTGA,0.577,,,"broad,dkfz,muse,sanger",NA,NA,NA,NA,4,NA,NA,NA,0.5667,NA,NA,None,,False,False,False,False,17,13,NA,NA,Breast-AdenoCa,DO52558
RB1,Breast-AdenoCa,RB1|13|48955550|48955550|C|T|Nonsense_Mutation,yes,RB1,13,48955550,48955550,+,Nonsense_Mutation,SNP,C,C,T,rs121913304,,fc447d56-0d53-e0c3-e040-11ac0c4846a8,fc447d56-0d50-e0c3-e040-11ac0c4846a8,g.chr13:48955550C>T,ATGTGAACATCGAATCATGGA,0.333,,,"broad,dkfz,muse,sanger",NA,NA,NA,NA,4,NA,NA,NA,0.2045,NA,NA,None,,False,False,False,False,9,35,NA,NA,Breast-AdenoCa,DO52553
TP53,Breast-AdenoCa,TP53|17|7578271|7578271|T|C|Missense_Mutation,yes,TP53,17,7578271,7578271,+,Missense_Mutation,SNP,T,T,C,,,fc447d56-0d53-e0c3-e040-11ac0c4846a8,fc447d56-0d50-e0c3-e040-11ac0c4846a8,g.chr17:7578271T>C,TCGGATAAGATGCTGAGGAGG,0.562,,,"dkfz,muse,sanger",NA,NA,NA,NA,3,NA,NA,NA,0.1778,NA,NA,None,,False,False,False,False,8,37,NA,NA,Breast-AdenoCa,DO52553
TP53,Breast-AdenoCa,TP53|17|7574034|7574034|C|G|Splice_Site,yes,TP53,17,7574034,7574034,+,Splice_Site,SNP,C,C,G,rs587782272,,fc5dc6d8-62d2-76d8-e040-11ac0d4863c3,fc5dc6d8-62cf-76d8-e040-11ac0d4863c3,g.chr17:7574034C>G,GCCCACGGATCTGCAGCAACA,0.512,NA,,"broad,dkfz,muse,sanger",NA,NA,NA,NA,4,NA,NA,NA,0.7442,NA,NA,None,,False,False,False,False,32,11,NA,NA,Breast-AdenoCa,DO52544
TP53,Breast-AdenoCa,TP53|17|7576863|7576863|A|-|Frame_Shift_Del,yes,TP53,17,7576863,7576863,+,Frame_Shift_Del,DEL,A,A,-,,,fc639186-8302-798e-e040-11ac0c484cec,fc639186-82ff-798e-e040-11ac0c484cec,g.chr17:7576863delA,CTGAAGGGTGAAATATTCTCC,0.438,,,"dkfz,sanger,smufin",NA,NA,NA,NA,3,NA,NA,NA,0.3585,NA,NA,None,,,,,,19,34,0.985,NA,Breast-AdenoCa,DO52539
TP53,Breast-AdenoCa,TP53|17|7577570|7577570|C|A|Missense_Mutation,yes,TP53,17,7577570,7577570,+,Missense_Mutation,SNP,C,C,A,rs587782664,,fc63cbab-d27a-5ebb-e040-11ac0c48724f,fc63cbab-d277-5ebb-e040-11ac0c48724f,g.chr17:7577570C>A,AACTGTTACACATGTAGTTGT,0.567,NA,,"broad,dkfz,muse,sanger",NA,NA,NA,NA,4,NA,NA,NA,0.463,NA,NA,None,,False,False,False,False,25,29,NA,NA,Breast-AdenoCa,DO52559
TP53,Breast-AdenoCa,TP53|17|7577579|7577579|G|T|Nonsense_Mutation,yes,TP53,17,7577579,7577579,+,Nonsense_Mutation,SNP,G,G,T,,,fc68c24d-47ad-7961-e040-11ac0c48595c,fc68c24d-47aa-7961-e040-11ac0c48595c,g.chr17:7577579G>T,ACATGTAGTTGTAGTGGATGG,0.577,NA,,"broad,dkfz,muse,sanger",NA,NA,NA,NA,4,NA,NA,NA,0.3077,NA,NA,None,,False,False,False,False,8,18,NA,NA,Breast-AdenoCa,DO52554
PTEN,Breast-AdenoCa,PTEN|10|89717609|89717609|G|A|Splice_Site,yes,PTEN,10,89717609,89717609,+,Splice_Site,SNP,G,G,A,,,fc78685a-7053-152a-e040-11ac0c480ded,fc78685a-7050-152a-e040-11ac0c480ded,g.chr10:89717609G>A,TAACCATGCAGATCCTCAGTT,0.383,NA,,"broad,dkfz,muse,sanger",NA,NA,NA,NA,4,NA,NA,NA,0.6327,NA,NA,None,,False,False,False,False,31,18,NA,NA,Breast-AdenoCa,DO52545
TP53,Breast-AdenoCa,TP53|17|7577094|7577094|G|A|Missense_Mutation,yes,TP53,17,7577094,7577094,+,Missense_Mutation,SNP,G,G,A,rs28934574,,fc78685a-7053-152a-e040-11ac0c480ded,fc78685a-7050-152a-e040-11ac0c480ded,g.chr17:7577094G>A,TCTGTGCGCCGGTCTCTCCCA,0.557,NA,,"broad,dkfz,muse,sanger",NA,NA,NA,NA,4,NA,NA,NA,0.3333,NA,NA,None,,False,False,False,False,12,24,NA,NA,Breast-AdenoCa,DO52545
TP53,Breast-AdenoCa,TP53|17|7579311|7579311|C|-|Splice_Site,yes,TP53,17,7579311,7579311,+,Splice_Site,DEL,C,C,-,,,fc7f8eeb-9c40-123e-e040-11ac0c484061,fc7f8eeb-9c3d-123e-e040-11ac0c484061,g.chr17:7579311delC,GGGCAACTGACCGTGCAAGTC,0.532,NA,,"broad,dkfz,sanger,smufin",NA,NA,NA,NA,4,NA,NA,NA,0.4375,NA,NA,None,,,,,,21,27,0.999,NA,Breast-AdenoCa,DO52560
PTEN,Breast-AdenoCa,PTEN|10|89720799|89720802|TACT|-|Frame_Shift_Del,yes,PTEN,10,89720799,89720802,+,Frame_Shift_Del,DEL,TACT,TACT,-,rs146650273,,fc8130df-1f21-c8f9-e040-11ac0d485dfc,fc8130df-1f1e-c8f9-e040-11ac0d485dfc,g.chr10:89720799_89720802delTACT,GAATATCTAGTACTTACTTTAACA,0.333,NA,,"broad,dkfz,sanger,smufin",NA,NA,NA,NA,4,NA,NA,NA,0.3421,NA,NA,None,,,,,,13,25,0.983,NA,Breast-AdenoCa,DO217826
TP53,Breast-AdenoCa,TP53|17|7579470|7579470|C|-|Frame_Shift_Del,yes,TP53,17,7579470,7579470,+,Frame_Shift_Del,DEL,C,C,-,rs587782423,,fc8130df-2d5f-3b53-e040-11ac0d485dee,fc8130df-2d5c-3b53-e040-11ac0d485dee,g.chr17:7579470delC,GCAGGGGCCACGGGGGGAGCA,0.602,,,"broad,dkfz",NA,NA,NA,NA,2,NA,NA,NA,0.4545,NA,NA,None,,,,,,15,18,0.974,NA,Breast-AdenoCa,DO218404
TP53,Breast-AdenoCa,TP53|17|7579529|7579529|C|T|Nonsense_Mutation,yes,TP53,17,7579529,7579529,+,Nonsense_Mutation,SNP,C,C,T,,,fc8130df-6bec-7627-e040-11ac0d485e04,fc8130df-6be9-7627-e040-11ac0d485e04,g.chr17:7579529C>T,TTCAGTGAACCATTGTTCAAT,0.592,NA,,"broad,dkfz,muse,sanger",NA,NA,NA,NA,4,NA,NA,NA,0.2857,NA,NA,None,,False,False,False,False,12,30,NA,NA,Breast-AdenoCa,DO218669
TP53,Breast-AdenoCa,TP53|17|7578266|7578266|T|A|Missense_Mutation,yes,TP53,17,7578266,7578266,+,Missense_Mutation,SNP,T,T,A,,,fc8130df-90ba-5d94-e040-11ac0d485e0c,fc8130df-90b7-5d94-e040-11ac0d485e0c,g.chr17:7578266T>A,TCCACTCGGATAAGATGCTGA,0.557,,,"broad,dkfz,muse,sanger",NA,NA,NA,NA,4,NA,NA,NA,0.5333,NA,NA,None,,False,False,False,False,16,14,NA,NA,Breast-AdenoCa,DO218684
PTEN,Breast-AdenoCa,PTEN|10|89692823|89692823|C|-|Frame_Shift_Del,yes,PTEN,10,89692823,89692823,+,Frame_Shift_Del,DEL,C,C,-,,,fc8130df-90ba-5d94-e040-11ac0d485e0c,fc8130df-90b7-5d94-e040-11ac0d485e0c,g.chr10:89692823delC,ACTTATCAAACCCTTTTGTGA,0.373,,,"broad,dkfz",NA,NA,NA,NA,2,NA,NA,NA,0.46,NA,NA,None,,,,,,23,27,0.984,NA,Breast-AdenoCa,DO218684
TP53,Breast-AdenoCa,TP53|17|7578534|7578534|C|G|Missense_Mutation,yes,TP53,17,7578534,7578534,+,Missense_Mutation,SNP,C,C,G,,,fc8130e0-0db6-b568-e040-11ac0c483281,fc8130e0-0db3-b568-e040-11ac0c483281,g.chr17:7578534C>G,GGCAAAACATCTTGTTGAGGG,0.562,NA,,"broad,dkfz,muse,sanger",NA,NA,NA,NA,4,NA,NA,NA,0.1786,NA,NA,None,,False,False,False,False,5,23,NA,NA,Breast-AdenoCa,DO217800
TP53,Breast-AdenoCa,TP53|17|7578205|7578205|C|A|Missense_Mutation,yes,TP53,17,7578205,7578205,+,Missense_Mutation,SNP,C,C,A,rs587782177,,fc8130e0-0dcf-b558-e040-11ac0c483285,fc8130e0-0dcc-b558-e040-11ac0c483285,g.chr17:7578205C>A,CACCACCACACTATGTCGAAA,0.537,NA,,"broad,dkfz,muse,sanger",NA,NA,NA,NA,4,NA,NA,NA,0.5122,NA,NA,None,,False,False,False,False,21,20,NA,NA,Breast-AdenoCa,DO218736
PTEN,Breast-AdenoCa,PTEN|10|89692904|89692904|C|T|Nonsense_Mutation,yes,PTEN,10,89692904,89692904,+,Nonsense_Mutation,SNP,C,C,T,rs121913292|rs121909224,,fc8130e0-0e1f-b54d-e040-11ac0c48326c,fc8130e0-0e1c-b54d-e040-11ac0c48326c,g.chr10:89692904C>T,TGGAAAGGGACGAACTGGTGT,0.403,NA,,"broad,dkfz,muse,sanger",NA,NA,NA,NA,4,NA,NA,NA,0.3548,NA,NA,None,,False,False,False,False,11,20,NA,NA,Breast-AdenoCa,DO217907
TP53,Breast-AdenoCa,TP53|17|7577581|7577581|A|G|Missense_Mutation,yes,TP53,17,7577581,7577581,+,Missense_Mutation,SNP,A,A,G,,,fc8130e0-0f1a-b6eb-e040-11ac0c48328f,fc8130e0-0f17-b6eb-e040-11ac0c48328f,g.chr17:7577581A>G,ATGTAGTTGTAGTGGATGGTG,0.567,,,"broad,dkfz,muse,sanger",NA,NA,NA,NA,4,NA,NA,NA,0.3333,NA,NA,None,,False,False,False,False,12,24,NA,NA,Breast-AdenoCa,DO218709
PTEN,Breast-LobularCa,PTEN|10|89711873|89711873|A|G|Splice_Site,yes,PTEN,10,89711873,89711873,+,Splice_Site,SNP,A,A,G,rs587781784,,fc8130e0-0fde-b756-e040-11ac0c48328b,fc8130e0-0fdb-b756-e040-11ac0c48328b,g.chr10:89711873A>G,TCTGTCCACCAGGGAGTAACT,0.368,NA,,"broad,dkfz,muse,sanger",NA,NA,NA,NA,4,NA,NA,NA,0.34,NA,NA,None,,False,False,False,False,17,33,NA,NA,Breast-LobularCa,DO218167
TP53,Breast-LobularCa,TP53|17|7578382|7578382|G|C|Nonsense_Mutation,yes,TP53,17,7578382,7578382,+,Nonsense_Mutation,SNP,G,G,C,,,fc8130e0-a38a-23b9-e040-11ac0c48327f,fc8130e0-a387-23b9-e040-11ac0c48327f,g.chr17:7578382G>C,ATCGCTATCTGAGCAGCGCTC,0.647,,,"broad,dkfz,muse,sanger",NA,NA,NA,NA,4,NA,NA,NA,0.5417,NA,NA,None,,False,False,False,False,13,11,NA,NA,Breast-LobularCa,DO218269
PTEN,Breast-LobularCa,PTEN|10|89692755|89692776|ATCTTTTTACCACAGTTGCACA|-|Splice_Site,yes,PTEN,10,89692755,89692776,+,Splice_Site,DEL,ATCTTTTTACCACAGTTGCACA,ATCTTTTTACCACAGTTGCACA,-,rs587780710,,fc8130e0-a39a-23b5-e040-11ac0c483270,fc8130e0-a397-23b5-e040-11ac0c483270,g.chr10:89692755_89692776delATCTTTTTACCACAGTTGCACA,TTCTGAGGTTATCTTTTTACCACAGTTGCACAATATCCTTTT,0.324,NA,,"broad,dkfz,sanger",NA,NA,NA,NA,3,NA,NA,NA,0.3714,NA,NA,None,,,,,,13,22,0.997,NA,Breast-LobularCa,DO218377
TP53,Breast-AdenoCa,TP53|17|7576828|7576852|GATAAGAGGTCCCAAGACTTAGTAC|-|Splice_Site,yes,TP53,17,7576828,7576852,+,Splice_Site,DEL,GATAAGAGGTCCCAAGACTTAGTAC,GATAAGAGGTCCCAAGACTTAGTAC,-,rs1800899|rs11575997|rs373464964|rs370042486|rs369599972,byFrequency,fc8130e0-a539-dda8-e040-11ac0c48326a,fc8130e0-a536-dda8-e040-11ac0c48326a,g.chr17:7576828_7576852delGATAAGAGGTCCCAAGACTTAGTAC,CTTTCCACTTGATAAGAGGTCCCAAGACTTAGTACCTGAAGGGTG,0.471,NA,,sanger,NA,NA,NA,NA,1,NA,NA,NA,0.2,NA,NA,None,,,,,,4,16,0.729,NA,Breast-AdenoCa,DO218605
TP53,Breast-AdenoCa,TP53|17|7577573|7577575|GTA|-|In_Frame_Del,yes,TP53,17,7577573,7577575,+,In_Frame_Del,DEL,GTA,GTA,-,rs587782289,,fc8130e0-a774-d834-e040-11ac0c483268,fc8130e0-a771-d834-e040-11ac0c483268,g.chr17:7577573_7577575delGTA,TGTTACACATGTAGTTGTAGTGG,0.576,NA,,"dkfz,sanger,smufin",NA,NA,NA,NA,3,NA,NA,NA,0.6286,NA,NA,None,,,,,,22,13,0.997,NA,Breast-AdenoCa,DO217931
TP53,Breast-AdenoCa,TP53|17|7574018|7574018|G|A|Missense_Mutation,yes,TP53,17,7574018,7574018,+,Missense_Mutation,SNP,G,G,A,rs587782529,,fc8130e0-a94d-d9d0-e040-11ac0c483262,fc8130e0-a94a-d9d0-e040-11ac0c483262,g.chr17:7574018G>A,ATCTCGAAGCGCTCACGCCCA,0.522,NA,,"broad,dkfz,muse,sanger",NA,NA,NA,NA,4,NA,NA,NA,0.3043,NA,NA,None,,False,False,False,False,7,16,NA,NA,Breast-AdenoCa,DO218651
TP53,Breast-AdenoCa,TP53|17|7578442|7578442|T|C|Missense_Mutation,yes,TP53,17,7578442,7578442,+,Missense_Mutation,SNP,T,T,C,rs148924904,,fc8130e3-023d-c7d4-e040-11ac0c483295,fc8130e3-023a-c7d4-e040-11ac0c483295,g.chr17:7578442T>C,TGACTGCTTGTAGATGGCCAT,0.622,,,"broad,dkfz,muse,sanger",NA,NA,NA,NA,4,NA,NA,NA,0.7778,NA,NA,None,,False,False,False,False,21,6,NA,NA,Breast-AdenoCa,DO220828
TP53,Breast-AdenoCa,TP53|17|7578416|7578416|C|A|Missense_Mutation,yes,TP53,17,7578416,7578416,+,Missense_Mutation,SNP,C,C,A,,,fc81312a-99ae-7672-e040-11ac0c4832a2,fc81312a-99ab-7672-e040-11ac0c4832a2,g.chr17:7578416C>A,CGCCTCACAACCTCCGTCATG,0.662,NA,,"broad,dkfz,muse,sanger",NA,NA,NA,NA,4,NA,NA,NA,0.4074,NA,NA,None,,False,False,False,False,11,16,NA,NA,Breast-AdenoCa,DO218502
PTEN,Breast-AdenoCa,PTEN|10|89692905|89692905|G|A|Missense_Mutation,yes,PTEN,10,89692905,89692905,+,Missense_Mutation,SNP,G,G,A,rs121913292|rs121909229,,fc81312a-d451-38fb-e040-11ac0c4832a4,fc81312a-d44e-38fb-e040-11ac0c4832a4,g.chr10:89692905G>A,GGAAAGGGACGAACTGGTGTA,0.403,NA,,"broad,dkfz,muse,sanger",NA,NA,NA,NA,4,NA,NA,NA,0.1646,NA,NA,None,,False,False,False,False,13,66,NA,NA,Breast-AdenoCa,DO220821
PTEN,Breast-AdenoCa,PTEN|10|89685294|89685294|C|-|Frame_Shift_Del,yes,PTEN,10,89685294,89685294,+,Frame_Shift_Del,DEL,C,C,-,,,fc81312a-d451-38fb-e040-11ac0c4832a4,fc81312a-d44e-38fb-e040-11ac0c4832a4,g.chr10:89685294delC,AGCATAAAAACCATTACAAGA,0.264,NA,,"dkfz,sanger,smufin",NA,NA,NA,NA,3,NA,NA,NA,0.1481,NA,NA,None,,,,,,12,69,0.936,NA,Breast-AdenoCa,DO220821
TP53,Breast-AdenoCa,TP53|17|7578406|7578406|C|T|Missense_Mutation,yes,TP53,17,7578406,7578406,+,Missense_Mutation,SNP,C,C,T,rs28934578,,fc813235-5ed8-7695-e040-11ac0d485e3e,fc813235-5ed5-7695-e040-11ac0d485e3e,g.chr17:7578406C>T,GTGGGGGCAGCGCCTCACAAC,0.652,NA,,"broad,dkfz,sanger",NA,NA,NA,NA,3,NA,NA,NA,0.1111,NA,NA,None,,False,False,False,False,5,40,NA,NA,Breast-AdenoCa,DO52550
TP53,Breast-AdenoCa,TP53|17|7577141|7577141|C|T|Missense_Mutation,yes,TP53,17,7577141,7577141,+,Missense_Mutation,SNP,C,C,T,rs193920774,,fc93b9ab-760a-5223-e040-11ac0c482177,fc93b9ab-7607-5223-e040-11ac0c482177,g.chr17:7577141C>T,GCTGTTCCGTCCCAGTAGATT,0.517,NA,,"broad,dkfz,muse,sanger",NA,NA,NA,NA,4,NA,NA,NA,0.5,NA,NA,None,,False,False,False,False,14,14,NA,NA,Breast-AdenoCa,DO52556
PTEN,Breast-AdenoCa,PTEN|10|89653797|89653797|T|G|Missense_Mutation,yes,PTEN,10,89653797,89653797,+,Missense_Mutation,SNP,T,T,G,,,fc9dbf68-4599-3c64-e040-11ac0d481623,fc9dbf68-4596-3c64-e040-11ac0d481623,g.chr10:89653797T>G,TATCCAAACATTATTGCTATG,0.289,,,"broad,dkfz,muse,sanger",NA,NA,NA,NA,4,NA,NA,NA,0.3175,NA,NA,None,,False,False,False,False,20,43,NA,NA,Breast-AdenoCa,DO52542
RB1,Breast-AdenoCa,RB1|13|49033955|49033955|A|T|Missense_Mutation,yes,RB1,13,49033955,49033955,+,Missense_Mutation,SNP,A,A,T,,,fc9dbf68-4599-3c64-e040-11ac0d481623,fc9dbf68-4596-3c64-e040-11ac0d481623,g.chr13:49033955A>T,CATGAGAGACAGGCATTTGGA,0.408,,,"broad,dkfz,muse,sanger",NA,NA,NA,NA,4,NA,NA,NA,0.1905,NA,NA,None,,False,False,False,False,8,34,NA,NA,Breast-AdenoCa,DO52542
TP53,Breast-AdenoCa,TP53|17|7577548|7577548|C|A|Missense_Mutation,yes,TP53,17,7577548,7577548,+,Missense_Mutation,SNP,C,C,A,rs28934575|rs397516437,,fc9dbf68-4599-3c64-e040-11ac0d481623,fc9dbf68-4596-3c64-e040-11ac0d481623,g.chr17:7577548C>A,CGGTTCATGCCGCCCATGCAG,0.577,,,"broad,dkfz,muse,sanger",NA,NA,NA,NA,4,NA,NA,NA,0.5517,NA,NA,None,,False,False,False,False,16,13,NA,NA,Breast-AdenoCa,DO52542
TP53,Breast-AdenoCa,TP53|17|7577153|7577153|C|A|Missense_Mutation,yes,TP53,17,7577153,7577153,+,Missense_Mutation,SNP,C,C,A,,,fc9ef456-75a2-5967-e040-11ac0c484477,fc9ef456-759f-5967-e040-11ac0c484477,g.chr17:7577153C>A,CAGTAGATTACCACTACTCAG,0.517,NA,,"broad,dkfz,muse,sanger",NA,NA,NA,NA,4,NA,NA,NA,0.3256,NA,NA,None,,False,False,False,False,14,29,NA,NA,Breast-AdenoCa,DO52547
TP53,Breast-AdenoCa,TP53|17|7579405|7579406|-|G|Frame_Shift_Ins,yes,TP53,17,7579405,7579406,+,Frame_Shift_Ins,INS,-,-,G,,,fc9f6cb0-ceb9-790d-e040-11ac0c480ad1,fc9f6cb0-ceb6-790d-e040-11ac0c480ad1,g.chr17:7579405_7579406insG,GGACAGAAGATGACAGGGGCCA,0.624,NA,,"dkfz,sanger,smufin",NA,NA,NA,NA,3,NA,NA,NA,0.3171,NA,NA,None,,,,,,13,28,0.974,NA,Breast-AdenoCa,DO52552
TP53,Breast-AdenoCa,TP53|17|7578176|7578176|C|A|Splice_Site,yes,TP53,17,7578176,7578176,+,Splice_Site,SNP,C,C,A,,,fca07e09-1fd2-9ef5-e040-11ac0d485bbd,fca07e09-1fcf-9ef5-e040-11ac0d485bbd,g.chr17:7578176C>A,GCAAACCAGACCTCAGGCGGC,0.527,,,"broad,dkfz,muse,sanger",NA,NA,NA,NA,4,NA,NA,NA,0.5517,NA,NA,None,,False,False,False,False,16,13,NA,NA,Breast-AdenoCa,DO52557
TP53,Breast-AdenoCa,TP53|17|7578508|7578508|C|T|Missense_Mutation,yes,TP53,17,7578508,7578508,+,Missense_Mutation,SNP,C,C,T,rs587781288,,fca3f7d0-2231-661c-e040-11ac0c4832fd,fca3f7d0-222e-661c-e040-11ac0c4832fd,g.chr17:7578508C>T,CTGCACAGGGCAGGTCTTGGC,0.572,,,"broad,dkfz,muse,sanger",NA,NA,NA,NA,4,NA,NA,NA,0.72,NA,NA,None,,False,False,False,False,18,7,NA,NA,Breast-AdenoCa,DO52561
TP53,Breast-AdenoCa,TP53|17|7577545|7577559|TGCCGCCCATGCAGG|-|In_Frame_Del,yes,TP53,17,7577545,7577559,+,In_Frame_Del,DEL,TGCCGCCCATGCAGG,TGCCGCCCATGCAGG,-,rs397516437|rs121912656|rs28934575|rs483352695|rs121912655|rs375874539|rs28934573,,fca6150f-d555-a29e-e040-11ac0d4873b2,fca6150f-d552-a29e-e040-11ac0d4873b2,g.chr17:7577545_7577559delTGCCGCCCATGCAGG,CTCCGGTTCATGCCGCCCATGCAGGAACTGTTACA,0.581,,,"broad,dkfz,sanger,smufin",NA,NA,NA,NA,4,NA,NA,NA,0.4,NA,NA,None,,,,,,10,15,0.998,NA,Breast-AdenoCa,DO52562
NCOR2,Breast-AdenoCa,NCOR2|12|124831391|124831392|GG|TT|Missense_Mutation,yes,NCOR2,12,124831391,124831392,+,Missense_Mutation,DNP,GG,GG,TT,,,f7b847e5-0f5d-69b4-e040-11ac0c4845fe,f7b847e5-0f5a-69b4-e040-11ac0c4845fe,g.chr12:124831391_124831392GG>TT,TAGGACCGAGGGATCCCTGCCG,0.678,NA,,"broad,dkfz,muse,sanger",NA,NA,NA,NA,4,NA,NA,NA,0.4848|0.4706,NA,NA,None,,False,False,False,False,16,17,NA,NA,Breast-AdenoCa,DO217939
MET,Breast-AdenoCa,MET|7|116371755|116371755|C|T|Missense_Mutation,yes,MET,7,116371755,116371755,+,Missense_Mutation,SNP,C,C,T,rs367628460,,fc447d4f-2532-c8ea-e040-11ac0c48469f,fc447d4f-252f-c8ea-e040-11ac0c48469f,g.chr7:116371755C>T,CTGTGAAGCGCGCCGTGATGA,0.418,,,"broad,dkfz,muse,sanger",NA,NA,NA,NA,4,NA,NA,NA,0.2545,NA,NA,None,,False,False,False,False,14,41,NA,NA,Breast-AdenoCa,DO52543
ERBB2,Breast-AdenoCa,ERBB2|17|37880257|37880257|C|G|Missense_Mutation,yes,ERBB2,17,37880257,37880257,+,Missense_Mutation,SNP,C,C,G,,,f7c7373c-1972-4968-e040-11ac0d486e80,f7c7373c-1971-4968-e040-11ac0d486e80,g.chr17:37880257C>G,ACAAAGAAATCTTAGACGTAA,0.542,,,"broad,dkfz,muse,sanger",NA,NA,NA,NA,4,NA,NA,NA,0.2286,NA,NA,None,,False,False,False,False,8,27,NA,NA,Breast-AdenoCa,DO218173
ERBB2,Breast-AdenoCa,ERBB2|17|37880261|37880261|G|T|Missense_Mutation,yes,ERBB2,17,37880261,37880261,+,Missense_Mutation,SNP,G,G,T,rs121913468,,f7c7373c-1972-4968-e040-11ac0d486e80,f7c7373c-1971-4968-e040-11ac0d486e80,g.chr17:37880261G>T,AGAAATCTTAGACGTAAGCCC,0.532,,,"broad,dkfz,muse,sanger",NA,NA,NA,NA,4,NA,NA,NA,0.25,NA,NA,None,,False,False,False,False,9,27,NA,NA,Breast-AdenoCa,DO218173
ERBB2,Breast-AdenoCa,ERBB2|17|37881414|37881414|T|G|Missense_Mutation,yes,ERBB2,17,37881414,37881414,+,Missense_Mutation,SNP,T,T,G,,,f7d128d2-3964-e3bc-e040-11ac0d481667,f7d128d2-3961-e3bc-e040-11ac0d481667,g.chr17:37881414T>G,CTGGCTCGGCTGCTGGACATT,0.582,NA,,"broad,dkfz,muse,sanger",NA,NA,NA,NA,4,NA,NA,NA,0.5333,NA,NA,None,,False,False,False,False,24,21,NA,NA,Breast-AdenoCa,DO218059
PGR,Ovary-AdenoCA,PGR|11|100999036|100999053|CAGCCGCGGCTCCTCCTC|-|In_Frame_Del,yes,PGR,11,100999036,100999053,+,In_Frame_Del,DEL,CAGCCGCGGCTCCTCCTC,CAGCCGCGGCTCCTCCTC,-,,,01df36af-3617-40fc-9892-f54ce433cf71,cdf90cbf-a145-47e2-b88a-79d86bf6ca5c,g.chr11:100999036_100999053delCAGCCGCGGCTCCTCCTC,CCCGGCGGGACAGCCGCGGCTCCTCCTCCAGCCGCCGC,0.711,NA,,"dkfz,sanger,smufin",NA,NA,NA,NA,3,NA,NA,NA,0.2281,NA,NA,None,,,,,,13,44,0.917,0.0303,Ovary-AdenoCA,DO46581
YWHAZ,Ovary-AdenoCA,YWHAZ|8|101961114|101961114|C|A|Missense_Mutation,yes,YWHAZ,8,101961114,101961114,+,Missense_Mutation,SNP,C,C,A,,,0d0793c1-df1b-4db1-ba36-adcb960cc0f5,1319bfce-ea65-4181-874d-b0f4c4d4a789,g.chr8:101961114C>A,TCATTTTTATCCATGACTGGA,0.418,,,"broad,dkfz,muse,sanger",NA,NA,NA,NA,4,NA,NA,NA,0.2712,NA,NA,None,,False,False,False,False,32,86,NA,NA,Ovary-AdenoCA,DO46372
YWHAZ,Ovary-AdenoCA,YWHAZ|8|101937158|101937173|CCAGCGGCAACCTCAG|-|Frame_Shift_Del,yes,YWHAZ,8,101937158,101937173,+,Frame_Shift_Del,DEL,CCAGCGGCAACCTCAG,CCAGCGGCAACCTCAG,-,,,51b25b37-f75c-4380-a0f6-5273e0b7ee33,189c8ed8-929f-4467-9293-0236815e1167,g.chr8:101937158_101937173delCCAGCGGCAACCTCAG,CTTGTCATCACCAGCGGCAACCTCAGCCAAGTAACG,0.389,,,"broad,sanger,smufin",NA,NA,NA,NA,3,NA,NA,NA,0.125,NA,NA,None,,,,,,18,126,0.99,NA,Ovary-AdenoCA,DO46380
PGR,Ovary-AdenoCA,PGR|11|100933253|100933253|A|C|Missense_Mutation,yes,PGR,11,100933253,100933253,+,Missense_Mutation,SNP,A,A,C,,,669f0e01-28f6-4ed8-bdb5-73f84ea28f78,79d13fab-6601-491d-ae3b-528439f82ae6,g.chr11:100933253A>C,GTCAGCAAAGAACTGGAGGTG,0.393,,,"broad,dkfz,muse,sanger",NA,NA,NA,NA,4,NA,NA,NA,0.1071,NA,NA,None,,False,False,False,False,6,50,NA,NA,Ovary-AdenoCA,DO46376
SLCO1B1,Ovary-AdenoCA,SLCO1B1|12|21358833|21358833|C|G|Missense_Mutation,yes,SLCO1B1,12,21358833,21358833,+,Missense_Mutation,SNP,C,C,G,,,6fffe0cf-bb38-4e77-88ab-a256bd7fbbce,50b605a8-c603-43db-92a4-5b36b837db70,g.chr12:21358833C>G,TAGAGATGTACCACTTTCTTA,0.383,,,"broad,muse",NA,NA,NA,NA,2,NA,NA,NA,0.1087,NA,NA,None,,False,False,False,False,5,41,NA,NA,Ovary-AdenoCA,DO46420
YWHAZ,Ovary-AdenoCA,YWHAZ|8|101961065|101961065|C|T|Missense_Mutation,yes,YWHAZ,8,101961065,101961065,+,Missense_Mutation,SNP,C,C,T,,,86f23897-dba0-4e89-8381-d174eaa6fcc1,2a79ee87-8c0f-4088-b925-5b5471ef57d8,g.chr8:101961065C>T,GTCATCATATCGCTCAGCCTG,0.433,,,"broad,dkfz,muse,sanger",NA,NA,NA,NA,4,NA,NA,NA,0.1136,NA,NA,None,,False,False,False,False,5,39,NA,NA,Ovary-AdenoCA,DO46352
ZNF703,Ovary-AdenoCA,ZNF703|8|37555276|37555276|C|A|Missense_Mutation,yes,ZNF703,8,37555276,37555276,+,Missense_Mutation,SNP,C,C,A,,,cf6c7066-6611-43ec-aef1-295a976cce5b,b0851678-057b-417a-affd-8aaa21930ec9,g.chr8:37555276C>A,CCGCCCTCGGCGCTGGTGGGG,0.781,,,"broad,dkfz,muse,sanger",NA,NA,NA,NA,4,NA,NA,NA,0.234,NA,NA,None,,False,False,False,False,11,36,NA,NA,Ovary-AdenoCA,DO46390
BIRC5,Liver-HCC,BIRC5|17|76212066|76212066|T|C|Missense_Mutation,yes,BIRC5,17,76212066,76212066,+,Missense_Mutation,SNP,T,T,C,,,a94d63fa-c622-11e3-bf01-24c6515278c0,a8f18b48-c622-11e3-bf01-24c6515278c0,g.chr17:76212066T>C,cacggtggcttacgcctgtaa,0.582,,,"broad,muse",NA,NA,NA,NA,2,NA,NA,NA,0.037,NA,NA,None,AluY,False,False,False,False,1,26,NA,NA,Liver-HCC,DO23522
BIRC5,Prost-AdenoCA,BIRC5|17|76212073|76212073|G|A|Missense_Mutation,yes,BIRC5,17,76212073,76212073,+,Missense_Mutation,SNP,G,G,A,,,c3cb64b3-842b-4b42-8c42-020a0206eb06,b51d50be-d8b7-4c66-8796-9958556c2e92,g.chr17:76212073G>A,gcttacgcctgtaataccagc,0.567,NA,,"broad,dkfz,muse,sanger",NA,NA,NA,NA,4,NA,NA,,0.28,NA,NA,None,AluY,False,False,False,False,14,36,NA,NA,Prost-AdenoCA,DO52502
BIRC5,Prost-AdenoCA,BIRC5|17|76212079|76212079|C|T|Missense_Mutation,yes,BIRC5,17,76212079,76212079,+,Missense_Mutation,SNP,C,C,T,rs200848570,,0bfebf9f-c77d-e57d-e050-11ac0d487827,0bfebf9f-c77a-e57d-e050-11ac0d487827,g.chr17:76212079C>T,gcctgtaataccagcactttg,0.562,,,"broad,muse,sanger",NA,NA,NA,NA,3,NA,NA,,0.4225,NA,NA,None,AluY,False,False,False,False,30,41,NA,NA,Prost-AdenoCA,DO51965
BIRC5,Panc-Endocrine,BIRC5|17|76212106|76212106|G|A|Missense_Mutation,yes,BIRC5,17,76212106,76212106,+,Missense_Mutation,SNP,G,G,A,,,e541b5b9-546d-47bc-acd6-4006ce0eec1d,f8879eb9-99a9-4cb9-ba3c-0c5fcb4da5ec,g.chr17:76212106G>A,cgaggcgggcggatcacgagg,0.572,NA,,"broad,muse,sanger",NA,NA,NA,NA,3,NA,NA,,0.1034,NA,NA,None,AluY,False,False,False,False,6,52,NA,NA,Panc-Endocrine,DO51180
BIRC5,Skin-Melanoma,BIRC5|17|76219602|76219602|C|T|Missense_Mutation,yes,BIRC5,17,76219602,76219602,+,Missense_Mutation,SNP,C,C,T,,,60413de1-6cd2-4f74-8180-3bdd394d6d16,c993d601-3f7c-40d5-81cc-6c3535126436,g.chr17:76219602C>T,AGAAAGTGCGCCGTGCCATCG,0.527,,,"broad,dkfz,muse,sanger",NA,NA,NA,NA,4,NA,NA,,0.2237,NA,NA,None,,False,False,False,False,17,59,NA,NA,Skin-Melanoma,DO220877
CCND1,Eso-AdenoCa,CCND1|11|69457846|69457846|G|A|Missense_Mutation,yes,CCND1,11,69457846,69457846,+,Missense_Mutation,SNP,G,G,A,,,da910f22-126e-41dc-be6b-47c8f69ad106,cd98f9f8-39b3-4783-89eb-74c3acdf0b54,g.chr11:69457846G>A,CGCTGGCCATGAACTACCTGG,0.667,,,"broad,dkfz,muse,sanger",NA,NA,NA,NA,4,NA,NA,,0.2553,NA,NA,None,,False,False,False,False,12,35,NA,NA,Eso-AdenoCa,DO50384
CCND1,Liver-HCC,CCND1|11|69465886|69465886|G|T|Splice_Site,yes,CCND1,11,69465886,69465886,+,Splice_Site,SNP,G,G,T,,,b86655a4-c622-11e3-bf01-24c6515278c0,b80e5034-c622-11e3-bf01-24c6515278c0,g.chr11:69465886G>T,TCTCTCTCAGGACTGCCTCCG,0.657,NA,,"dkfz,sanger",NA,NA,NA,NA,2,NA,NA,,0.3077,NA,NA,None,,False,False,False,False,8,18,NA,NA,Liver-HCC,DO23528
CCND1,Prost-AdenoCA,CCND1|11|69465968|69465968|A|T|Missense_Mutation,yes,CCND1,11,69465968,69465968,+,Missense_Mutation,SNP,A,A,T,,,07531318-87e8-4db8-aa61-9b93597d063b,2e75f657-5fff-44aa-ab8f-1f7ed291c8d6,g.chr11:69465968A>T,ATGGACCCCAAGGCCGCCgag,0.682,NA,,"broad,dkfz,muse,sanger",NA,NA,NA,NA,4,NA,NA,,0.1373,NA,NA,None,,True,False,False,False,7,44,NA,NA,Prost-AdenoCA,DO51071
CYP1B1,Skin-Melanoma,CYP1B1|2|38301934|38301934|C|T|Missense_Mutation,yes,CYP1B1,2,38301934,38301934,+,Missense_Mutation,SNP,C,C,T,,,e04bcdff-3206-4c25-bae9-09f0222b074a,ca3405a8-5307-4797-b9d3-2ff703cb13f3,g.chr2:38301934C>T,TTGGCCACGGCCACGACGGTC,0.706,NA,,"broad,dkfz,muse,sanger",NA,NA,NA,NA,4,NA,NA,NA,0.1471,NA,NA,None,,False,False,False,False,5,29,NA,NA,Skin-Melanoma,DO220865
CYP1B1,Biliary-AdenoCA,CYP1B1|2|38302015|38302015|C|T|Missense_Mutation,yes,CYP1B1,2,38302015,38302015,+,Missense_Mutation,SNP,C,C,T,rs72481807,,56cc8740-b132-4cbc-b513-f0b5b2305ca6,0de625cb-bebe-47e5-82af-a298c668d02e,g.chr2:38302015C>T,TCGCGCGCCTCGCTCAGCACG,0.721,,,"broad,dkfz,muse,sanger",NA,NA,NA,NA,4,NA,NA,,0.4516,NA,NA,None,,False,False,False,False,14,17,NA,NA,Biliary-AdenoCA,DO218550
CYP1B1,Eso-AdenoCa,CYP1B1|2|38302228|38302228|C|A|Missense_Mutation,yes,CYP1B1,2,38302228,38302228,+,Missense_Mutation,SNP,C,C,A,,,7a4f6014-f7a2-459b-bc43-df164e73cbba,a94e3d39-542c-411e-be3a-dc3472c1eabf,g.chr2:38302228C>A,TGGTGGATGGCGCGCTCGCCA,0.711,,,"broad,dkfz,muse,sanger",NA,NA,NA,NA,4,NA,NA,,0.1731,NA,NA,None,,False,False,False,False,9,43,NA,NA,Eso-AdenoCa,DO50385
FOXQ1,Kidney-RCC,FOXQ1|6|1313091|1313091|C|T|Missense_Mutation,yes,FOXQ1,6,1313091,1313091,+,Missense_Mutation,SNP,C,C,T,,,decfb419-63b3-47b0-9dfc-baae180566a0,9dfd51c7-0807-4f06-ac8d-2f76e4f06ddb,g.chr6:1313091C>T,GCCAACAGCCcggccgcgggc,0.771,,,"broad,dkfz,muse",NA,NA,NA,NA,3,NA,NA,NA,0.2353,NA,NA,None,(CGG)n,False,False,False,False,8,26,NA,NA,Kidney-RCC,DO46830
FOXQ1,Lymph-BNHL,FOXQ1|6|1313285|1313285|C|T|Missense_Mutation,yes,FOXQ1,6,1313285,1313285,+,Missense_Mutation,SNP,C,C,T,,,3e7ccab5-5b1d-4147-b907-77cab8f0837e,6f670734-57ed-4bae-8618-733d473ac8d0,g.chr6:1313285C>T,GCCATATACGCGGCGGCCCAA,0.746,NA,,"broad,muse,sanger",NA,NA,NA,NA,3,NA,NA,NA,0.2667,NA,NA,None,,False,False,False,False,4,11,NA,NA,Lymph-BNHL,DO52652
FOXQ1,Panc-AdenoCA,FOXQ1|6|1313696|1313696|T|G|Missense_Mutation,yes,FOXQ1,6,1313696,1313696,+,Missense_Mutation,SNP,T,T,G,,,170ad241-9e24-469b-b7ca-3fd783a89b21,c8797d14-57a1-4957-8fd8-fc6b198bd160,g.chr6:1313696T>G,ccgcATGCGCTCGCCCGCCCG,0.826,NA,,"broad,dkfz,muse",NA,NA,NA,NA,3,NA,NA,,0.1818,NA,NA,None,,False,False,False,False,6,27,NA,NA,Panc-AdenoCA,DO49430
MYC,Lymph-BNHL,MYC|8|128750638|128750638|G|A|Missense_Mutation,yes,MYC,8,128750638,128750638,+,Missense_Mutation,SNP,G,G,A,,,0d569bd5-418d-4d72-87ca-8e14668c2119,f7c906e9-75e6-49ec-8f6b-bcc3ced66458,g.chr8:128750638G>A,GCAGCCCCCGGCGCCCAGCGA,0.637,,,"broad,dkfz,muse,sanger",NA,NA,NA,NA,4,NA,NA,NA,0.3684,NA,NA,None,,False,False,False,False,14,24,NA,NA,Lymph-BNHL,DO52671
MYC,Lymph-BNHL,MYC|8|128750639|128750639|C|T|Missense_Mutation,yes,MYC,8,128750639,128750639,+,Missense_Mutation,SNP,C,C,T,,,15dd024e-c0da-461a-84db-d01e60a22210,9b470efd-8689-4834-af52-142fcd587b19,g.chr8:128750639C>T,CAGCCCCCGGCGCCCAGCGAG,0.637,NA,,"broad,dkfz,muse,sanger",NA,NA,NA,NA,4,NA,NA,,0.2667,NA,NA,None,,False,False,False,False,8,22,NA,NA,Lymph-BNHL,DO52691
MYC,Lymph-BNHL,MYC|8|128750677|128750677|C|T|Missense_Mutation,yes,MYC,8,128750677,128750677,+,Missense_Mutation,SNP,C,C,T,rs28933407,,00b9d0e6-69dc-4345-bffd-ce32880c8eef,26fbf089-ef27-4cfc-9838-b2cafbb85d87,g.chr8:128750677C>T,CGAGCTGCTGCCCACCCCGCC,0.667,,,"dkfz,muse,sanger",NA,NA,NA,NA,3,NA,NA,,0.52,NA,NA,None,,False,False,False,False,13,12,NA,NA,Lymph-BNHL,DO27821
MYC,Lymph-BNHL,MYC|8|128750681|128750681|C|A|Missense_Mutation,yes,MYC,8,128750681,128750681,+,Missense_Mutation,SNP,C,C,A,,,b2190e26-1809-4aba-9f45-07c2edb3b4a4,39fdaa95-75dc-4fbf-83bd-b875d6f07155,g.chr8:128750681C>A,CTGCTGCCCACCCCGCCCCTG,0.677,,,"broad,dkfz,muse,sanger",NA,NA,NA,NA,4,NA,NA,NA,0.56,NA,NA,None,,False,False,False,False,14,11,NA,NA,Lymph-BNHL,DO52683
MYC,Lymph-BNHL,MYC|8|128750683|128750683|C|T|Missense_Mutation,yes,MYC,8,128750683,128750683,+,Missense_Mutation,SNP,C,C,T,rs121918685,,2b02e3ad-4423-491e-993a-561e80dc7bcf,01c45646-7c41-4304-8017-c737c95b1034,g.chr8:128750683C>T,GCTGCCCACCCCGCCCCTGTC,0.677,,,"dkfz,muse,sanger",NA,NA,NA,NA,3,NA,NA,,0.3684,NA,NA,None,,False,False,False,False,7,12,NA,NA,Lymph-BNHL,DO27767
MYC,Lymph-BNHL,MYC|8|128750686|128750686|C|G|Missense_Mutation,yes,MYC,8,128750686,128750686,+,Missense_Mutation,SNP,C,C,G,,,b330c50b-c45f-413d-918f-33275d0d8f91,a1f9c6ee-0703-4ca9-88c0-2431d8a6db06,g.chr8:128750686C>G,GCCCACCCCGCCCCTGTCCCC,0.672,NA,,"broad,dkfz,muse,sanger",NA,NA,NA,NA,4,NA,NA,,0.625,NA,NA,None,,False,False,False,False,5,3,NA,NA,Lymph-BNHL,DO27823
MYC,Panc-Endocrine,MYC|8|128750924|128750924|C|T|Missense_Mutation,yes,MYC,8,128750924,128750924,+,Missense_Mutation,SNP,C,C,T,,,606d7f5e-ff98-4245-a9ac-281f5074f97a,3682d666-a728-4024-a1a2-acf3ecb5023a,g.chr8:128750924C>T,AGCGGCTTCTCGGCCGCCGCC,0.622,NA,,"broad,dkfz,muse,sanger",NA,NA,NA,NA,4,NA,NA,,0.7692,NA,NA,None,,False,False,False,False,40,12,NA,NA,Panc-Endocrine,DO51182
MYC,Lymph-BNHL,MYC|8|128750953|128750953|C|G|Missense_Mutation,yes,MYC,8,128750953,128750953,+,Missense_Mutation,SNP,C,C,G,,,df814571-57f1-4e55-bc1a-c892c568c4ba,276d4760-e009-44b1-be13-d0cc1e7deb24,g.chr8:128750953C>G,CTCAGAGAAGCTGGCCTCCTA,0.627,,,"broad,dkfz,muse,sanger",NA,NA,NA,NA,4,NA,NA,,0.2703,NA,NA,None,,False,False,False,False,10,27,NA,NA,Lymph-BNHL,DO27793
PARK2,Panc-AdenoCA,PARK2|6|161771138|161771138|T|A|Missense_Mutation,yes,PARK2,6,161771138,161771138,+,Missense_Mutation,SNP,T,T,A,,,2e43e0ca-54ea-482e-acf2-0048d9187a5c,352d3c96-7e58-4828-8467-726f36c3df6c,g.chr6:161771138T>A,TGGCTACACGTCGAACCAGTG,0.592,NA,,"broad,dkfz,muse,sanger",NA,NA,NA,NA,4,NA,NA,,0.2391,NA,NA,None,,False,False,False,False,11,35,NA,NA,Panc-AdenoCA,DO35258
PARK2,Lymph-BNHL,PARK2|6|162206920|162206920|T|C|Missense_Mutation,yes,PARK2,6,162206920,162206920,+,Missense_Mutation,SNP,T,T,C,,,e6168db0-d12f-4218-8ab9-bd704201cb2b,71d905b7-9070-47f0-a869-6589826b9431,g.chr6:162206920T>C,GGAGTTGCACTGGAAAACCAG,0.483,,,"broad,dkfz,muse",NA,NA,NA,NA,3,NA,NA,,0.7692,NA,NA,None,,False,False,False,False,10,3,NA,NA,Lymph-BNHL,DO27811
PARK2,Skin-Melanoma,PARK2|6|162622177|162622177|G|A|Missense_Mutation,yes,PARK2,6,162622177,162622177,+,Missense_Mutation,SNP,G,G,A,,,2790b964-63e3-49aa-bf8c-9a00d3448c25,8e971dcc-859f-4a0a-be3d-90130ec513db,g.chr6:162622177G>A,GTCAAGGTGAGCGTTGCCTGC,0.463,,,"broad,dkfz,muse,sanger",NA,NA,NA,NA,4,NA,NA,,0.4565,NA,NA,None,,False,False,False,False,21,25,NA,NA,Skin-Melanoma,DO220851
PARK2,Skin-Melanoma,PARK2|6|162683631|162683631|G|T|Missense_Mutation,yes,PARK2,6,162683631,162683631,+,Missense_Mutation,SNP,G,G,T,,,51893d3f-e7f3-43f9-9fd0-c0f25ae96804,517112f3-1555-415b-beb5-6a09b188e932,g.chr6:162683631G>T,AGAGTCTCCTGGGAGGACTGA,0.577,,,"broad,dkfz,muse,sanger",NA,NA,NA,NA,4,NA,NA,,0.2179,NA,NA,None,,False,False,False,False,17,61,NA,NA,Skin-Melanoma,DO220903
ESR2,Biliary-AdenoCA,ESR2|14|64716284|64716284|G|A|Missense_Mutation,yes,ESR2,14,64716284,64716284,+,Missense_Mutation,SNP,G,G,A,,,760881cc-c623-11e3-bf01-24c6515278c0,75b1b48c-c623-11e3-bf01-24c6515278c0,g.chr14:64716284G>A,CAGGATCATGGCCTTGACACA,0.418,,,"broad,dkfz,muse,sanger",NA,NA,NA,NA,4,NA,NA,NA,0.44,NA,NA,None,,False,False,False,False,22,28,NA,NA,Biliary-AdenoCA,DO45299
ESR2,Skin-Melanoma,ESR2|14|64749441|64749441|G|A|Missense_Mutation,yes,ESR2,14,64749441,64749441,+,Missense_Mutation,SNP,G,G,A,,,deb9fbb6-656b-41ce-8299-554efc2379bd,7c5e745e-f006-4e49-8b9b-5d7c9a97f195,g.chr14:64749441G>A,GACCACTAAAGGAGAAAGGTG,0.502,,,"broad,dkfz,muse,sanger",NA,NA,NA,NA,4,NA,NA,NA,0.4778,NA,NA,None,,False,False,False,False,43,47,NA,NA,Skin-Melanoma,DO220906
ESR2,Skin-Melanoma,ESR2|14|64749528|64749528|G|A|Missense_Mutation,yes,ESR2,14,64749528,64749528,+,Missense_Mutation,SNP,G,G,A,,,39c476fd-273b-4136-874c-53352f1be008,fe2e600f-ce5a-4680-8690-3f5ccd169e1f,g.chr14:64749528G>A,GACATTGCTGGGAATGCTGTA,0.502,,,"broad,dkfz,muse,sanger",NA,NA,NA,NA,4,NA,NA,,0.381,NA,NA,None,,False,False,False,False,24,39,NA,NA,Skin-Melanoma,DO220883
ESR2,Liver-HCC,ESR2|14|64803422|64803422|T|C|De_novo_Start_OutOfFrame,yes,ESR2,14,64803422,64803422,+,De_novo_Start_OutOfFrame,SNP,T,T,C,,,01dc6872-c623-11e3-bf01-24c6515278c0,016c90c4-c623-11e3-bf01-24c6515278c0,g.chr14:64803422T>C,ttaaatgccatatctccactt,0.403,NA,,"broad,dkfz,muse,sanger",NA,NA,NA,NA,4,NA,NA,,0.2703,NA,NA,None,L2,False,False,False,False,10,27,NA,NA,Liver-HCC,DO48703
NRAS,Panc-AdenoCA,NRAS|1|115256502|115256508|TGGTCTC|-|Frame_Shift_Del,yes,NRAS,1,115256502,115256508,+,Frame_Shift_Del,DEL,TGGTCTC,TGGTCTC,-,,,9ffe694e-b488-489e-bdbe-0800e505eec4,2871ac37-8895-4d8f-bd32-ea8ca0305654,g.chr1:115256502_115256508delTGGTCTC,CCTCATGTATTGGTCTCTCATGGCACT,0.425,NA,,"broad,dkfz",NA,NA,NA,NA,2,NA,NA,NA,0.3333,NA,NA,None,,,,,,9,18,0.94,NA,Panc-AdenoCA,DO49460
NRAS,Panc-AdenoCA,NRAS|1|115256513|115256521|GGCACTGTA|-|In_Frame_Del,yes,NRAS,1,115256513,115256521,+,In_Frame_Del,DEL,GGCACTGTA,GGCACTGTA,-,,,9ffe694e-b488-489e-bdbe-0800e505eec4,2871ac37-8895-4d8f-bd32-ea8ca0305654,g.chr1:115256513_115256521delGGCACTGTA,GGTCTCTCATGGCACTGTACTCTTCTTGT,0.45,NA,,sanger,NA,NA,NA,NA,1,NA,NA,NA,0.35,NA,NA,None,,,,,,7,13,0.852,NA,Panc-AdenoCA,DO49460
NRAS,Panc-AdenoCA,NRAS|1|115256514|115256515|GC|-|Frame_Shift_Del,yes,NRAS,1,115256514,115256515,+,Frame_Shift_Del,DEL,GC,GC,-,,,9ffe694e-b488-489e-bdbe-0800e505eec4,2871ac37-8895-4d8f-bd32-ea8ca0305654,g.chr1:115256514_115256515delGC,GTCTCTCATGGCACTGTACTCT,0.446,NA,,"broad,dkfz",NA,NA,NA,NA,2,NA,NA,NA,0.3333,NA,NA,None,,,,,,7,14,0.931,NA,Panc-AdenoCA,DO49460
NRAS,Lymph-BNHL,NRAS|1|115256528|115256528|T|G|Missense_Mutation,yes,NRAS,1,115256528,115256528,+,Missense_Mutation,SNP,T,T,G,rs121913255,,0e7f46ca-6f5c-4538-b6d6-00af65d57fcf,8e18fdba-60a4-48f6-a715-ec4d0bd74823,g.chr1:115256528T>G,TGTACTCTTCTTGTCCAGCTG,0.463,,,"broad,dkfz,muse,sanger",NA,NA,NA,NA,4,NA,NA,NA,0.3095,NA,NA,None,,False,False,False,False,13,29,NA,NA,Lymph-BNHL,DO52674
NRAS,Skin-Melanoma,NRAS|1|115256529|115256529|T|A|Missense_Mutation,yes,NRAS,1,115256529,115256529,+,Missense_Mutation,SNP,T,T,A,rs11554290,byFrequency,681e2301-2057-40e4-ab63-934775d63faa,24fed977-8b67-43ca-8b2b-31be4dd47243,g.chr1:115256529T>A,GTACTCTTCTTGTCCAGCTGT,0.458,,,"broad,dkfz,muse,sanger",NA,NA,NA,NA,4,NA,NA,NA,0.7465,NA,NA,None,,False,False,False,False,53,18,NA,NA,Skin-Melanoma,DO220912
NRAS,Liver-HCC,NRAS|1|115256529|115256529|T|C|Missense_Mutation,yes,NRAS,1,115256529,115256529,+,Missense_Mutation,SNP,T,T,C,rs11554290,byFrequency,8eb90ea4-c622-11e3-bf01-24c6515278c0,8e23f7a6-c622-11e3-bf01-24c6515278c0,g.chr1:115256529T>C,GTACTCTTCTTGTCCAGCTGT,0.458,NA,,"broad,dkfz,muse,sanger",NA,NA,NA,NA,4,NA,NA,NA,0.9231,NA,NA,None,,False,False,False,False,12,1,NA,NA,Liver-HCC,DO45183
NRAS,Skin-Melanoma,NRAS|1|115256530|115256530|G|T|Missense_Mutation,yes,NRAS,1,115256530,115256530,+,Missense_Mutation,SNP,G,G,T,rs121913254,,f07b9192-c86f-4ee4-a3b5-feb9c5098bf4,31d9e622-3d11-4d25-9465-50af0c699864,g.chr1:115256530G>T,TACTCTTCTTGTCCAGCTGTA,0.458,,,"broad,dkfz,muse,sanger",NA,NA,NA,NA,4,NA,NA,,0.5429,NA,NA,None,,False,False,False,False,19,16,NA,NA,Skin-Melanoma,DO220880
NRAS,Skin-Melanoma,NRAS|1|115256530|115256531|GT|TC|Missense_Mutation,yes,NRAS,1,115256530,115256531,+,Missense_Mutation,DNP,GT,GT,TC,rs121913254,,f24688a9-7952-49d8-ba80-2bbad472379c,47b119b4-78fd-4df1-b311-d9c0557fd8db,g.chr1:115256530_115256531GT>TC,TACTCTTCTTGTCCAGCTGTAT,0.46,,,"broad,dkfz,muse,sanger|broad,dkfz,muse",NA,NA,NA,NA,4|3,NA,NA,NA,0.4706|0.4412,NA,NA,None,,False,False,False,False,15,18,NA,NA,Skin-Melanoma,DO220896
NRAS,Myeloid-AML,NRAS|1|115258744|115258744|C|T|Missense_Mutation,yes,NRAS,1,115258744,115258744,+,Missense_Mutation,SNP,C,C,T,rs121434596,,a68389d4-431f-4582-b4df-e8ad200aa3be,a5daa21e-1909-404c-b973-065bf6b15566,g.chr1:115258744C>T,TTTCCCAACACCACCTGCTCC,0.498,NA,,"broad,dkfz,muse,sanger",NA,NA,NA,NA,4,NA,NA,,0.425,NA,NA,None,,False,False,False,False,51,69,NA,NA,Myeloid-AML,DO49529
NRAS,Skin-Melanoma,NRAS|1|115258747|115258747|C|G|Missense_Mutation,yes,NRAS,1,115258747,115258747,+,Missense_Mutation,SNP,C,C,G,rs121913237,,ca004926-f3ac-4824-8ed5-d84e62efdfae,5a659a57-ec53-4a73-8f0e-76312719ca09,g.chr1:115258747C>G,CCCAACACCACCTGCTCCAAC,0.493,NA,,"broad,dkfz,muse,sanger",NA,NA,NA,NA,4,NA,NA,NA,0.7532,NA,NA,None,,False,False,False,False,58,19,NA,NA,Skin-Melanoma,DO220849
NRAS,Panc-AdenoCA,NRAS|1|115258747|115258747|C|T|Missense_Mutation,yes,NRAS,1,115258747,115258747,+,Missense_Mutation,SNP,C,C,T,rs121913237,,0fbd94b1-bb34-4620-841b-861a0b5e0c12,814f51e7-34f9-45bf-bc01-5fe55aa4e4ad,g.chr1:115258747C>T,CCCAACACCACCTGCTCCAAC,0.493,NA,,"broad,dkfz,muse,sanger",NA,NA,NA,NA,4,NA,NA,NA,0.5435,NA,NA,None,,False,False,False,False,50,42,NA,NA,Panc-AdenoCA,DO49087
NRAS,Skin-Melanoma,NRAS|1|115258748|115258748|C|A|Missense_Mutation,yes,NRAS,1,115258748,115258748,+,Missense_Mutation,SNP,C,C,A,rs121913250,,3433b1f3-59d1-4ac2-9bbf-e0c4042b4ddc,7c05e64c-544c-454e-8194-bcb3d613983b,g.chr1:115258748C>A,CCAACACCACCTGCTCCAACC,0.493,,,"broad,dkfz,muse,sanger",NA,NA,NA,NA,4,NA,NA,,0.3607,NA,NA,None,,False,False,False,False,22,39,NA,NA,Skin-Melanoma,DO220864
