civic_submitted_variant,civic_gene,civic_match_rule,civic_match_status,helper_gene,helper_project_code,helper_variant_key,helper_is_coding_or_disruptive,Hugo_Symbol,Chromosome,Start_position,End_position,Strand,Variant_Classification,Variant_Type,Reference_Allele,Tumor_Seq_Allele1,Tumor_Seq_Allele2,dbSNP_RS,dbSNP_Val_Status,Tumor_Sample_Barcode,Matched_Norm_Sample_Barcode,Genome_Change,ref_context,gc_content,i_1000genomes_AF,i_1000genomes_ID,i_Callers,i_GERM1000G,i_GERMOVLP,i_LOWSUPPORT,i_NORMALPANEL,i_NumCallers,i_OXOGFAIL,i_REMAPFAIL,i_SEXF,i_VAF,i_bPcr,i_bSeq,i_qual,i_repeat_masker,i_signature_N3,i_signature_R1,i_signature_R2,i_snv_near_indel,t_alt_count,t_ref_count,i_model_score,i_n_vaf,Project_Code,Donor_ID,civic_molecular_profile_url,civic_molecular_profile_id,gene,variant_name,chromosome,start_position,end_position,reference_allele,tumor_seq_allele2,variant_classification,protein_change,cdna_change,sample_id,tumor_type,project_code,drug_name,type,match_source,match_confidence,resolved_profile_name,match_level,match_context,resolution_note
TP53 R175H,TP53,exact_allele,matched,TP53,Breast-AdenoCa,TP53|17|7578406|7578406|C|T|Missense_Mutation,yes,TP53,17,7578406,7578406,+,Missense_Mutation,SNP,C,C,T,rs28934578,,fc813235-5ed8-7695-e040-11ac0d485e3e,fc813235-5ed5-7695-e040-11ac0d485e3e,g.chr17:7578406C>T,GTGGGGGCAGCGCCTCACAAC,0.652,NA,,"broad,dkfz,sanger",NA,NA,NA,NA,3,NA,NA,NA,0.1111,NA,NA,None,,False,False,False,False,5,40,NA,NA,Breast-AdenoCa,DO52550,https://civicdb.org/molecular-profiles/116,116,TP53,R175H,17,7578406,7578406,C,T,Missense_Mutation,R175H,,fc813235-5ed8-7695-e040-11ac0d485e3e,Breast-AdenoCa,Breast-AdenoCa,Doxorubicin,sensitivity,breast_cancer_maf_exact,high,TP53 R175H,exact_allele,breast_cancer,Legacy row normalized to current CIViC schema; profile identified as TP53 R175H via CIViC browse query.
PIK3CA Q546R,PIK3CA,exact_allele,matched,PIK3CA,Panc-AdenoCA,PIK3CA|3|178936095|178936095|A|G|Missense_Mutation,yes,PIK3CA,3,178936095,178936095,+,Missense_Mutation,SNP,A,A,G,rs397517201,,4aa7eabc-0419-4897-b7af-5dcccfd6ac2f,6d96389a-6787-4396-8dda-955c91414502,g.chr3:178936095A>G,ATCACTGAGCAGGAGAAAGAT,0.363,,,"broad,dkfz,muse,sanger",NA,NA,NA,NA,4,NA,NA,NA,0.8947,NA,NA,None,,False,False,False,False,85,10,NA,NA,Panc-AdenoCA,DO51476,https://civicdb.org/molecular-profiles/5299,5299,PIK3CA,Q546R,3,178936095,178936095,A,G,Missense_Mutation,Q546R,,4aa7eabc-0419-4897-b7af-5dcccfd6ac2f,Panc-AdenoCA,Panc-AdenoCA,Fulvestrant,sensitivity,pan_cancer_maf_exact,high,PIK3CA Q546R,exact_allele,pan_cancer_fallback,Resolved via CIViC GraphQL API.
PIK3CA H1047R,PIK3CA,exact_allele,matched,PIK3CA,Breast-AdenoCa,PIK3CA|3|178952085|178952085|A|G|Missense_Mutation,yes,PIK3CA,3,178952085,178952085,+,Missense_Mutation,SNP,A,A,G,rs121913279,,097a7d36-905b-72be-e050-11ac0d482c9a,097a7d36-9058-72be-e050-11ac0d482c9a,g.chr3:178952085A>G,AATGATGCACATCATGGTGGC,0.378,,,"broad,dkfz,muse,sanger",NA,NA,NA,NA,4,NA,NA,NA,0.3602,NA,NA,None,,False,False,False,False,85,151,NA,NA,Breast-AdenoCa,DO1076,https://civicdb.org/molecular-profiles/5288,5288,PIK3CA,H1047R,3,178952085,178952085,A,G,Missense_Mutation,H1047R,,097a7d36-905b-72be-e050-11ac0d482c9a,Breast-AdenoCa,Breast-AdenoCa,Fulvestrant,sensitivity,breast_cancer_maf_exact,high,PIK3CA H1047R,exact_allele,breast_cancer,Resolved via CIViC GraphQL API.
PIK3CA E545K,PIK3CA,exact_allele,matched,PIK3CA,Breast-AdenoCa,PIK3CA|3|178936091|178936091|G|A|Missense_Mutation,yes,PIK3CA,3,178936091,178936091,+,Missense_Mutation,SNP,G,G,A,rs104886003,,f7b84c09-15d4-3046-e040-11ac0c4847ff,f7b84c09-15d1-3046-e040-11ac0c4847ff,g.chr3:178936091G>A,TGAAATCACTGAGCAGGAGAA,0.353,NA,,"broad,dkfz,muse,sanger",NA,NA,NA,NA,4,NA,NA,NA,0.587,NA,NA,None,,False,False,False,False,27,19,NA,NA,Breast-AdenoCa,DO217962,https://civicdb.org/molecular-profiles/5296,5296,PIK3CA,E545K,3,178936091,178936091,G,A,Missense_Mutation,E545K,,f7b84c09-15d4-3046-e040-11ac0c4847ff,Breast-AdenoCa,Breast-AdenoCa,Fulvestrant,sensitivity,breast_cancer_maf_exact,high,PIK3CA E545K,exact_allele,breast_cancer,Resolved via CIViC GraphQL API.
PIK3CA C420R,PIK3CA,exact_allele,matched,PIK3CA,CNS-Medullo,PIK3CA|3|178927980|178927980|T|C|Missense_Mutation,yes,PIK3CA,3,178927980,178927980,+,Missense_Mutation,SNP,T,T,C,rs121913272,,ba5667da-7688-4931-bdb7-d65f391caf60,33b8d705-fc41-4c1c-89ae-95e35a6187c4,g.chr3:178927980T>C,TAAGGAACACTGTCCATTGGC,0.328,NA,,"broad,dkfz,muse,sanger",NA,NA,NA,NA,4,NA,NA,NA,0.25,NA,NA,None,,False,False,False,False,8,24,NA,NA,CNS-Medullo,DO35555,https://civicdb.org/molecular-profiles/905,905,PIK3CA,C420R,3,178927980,178927980,T,C,Missense_Mutation,C420R,,ba5667da-7688-4931-bdb7-d65f391caf60,CNS-Medullo,CNS-Medullo,Fulvestrant,sensitivity,pan_cancer_maf_exact,high,PIK3CA C420R,exact_allele,pan_cancer_fallback,Resolved via CIViC GraphQL API.
PIK3CA E542K,PIK3CA,exact_allele,matched,PIK3CA,Breast-AdenoCa,PIK3CA|3|178936082|178936082|G|A|Missense_Mutation,yes,PIK3CA,3,178936082,178936082,+,Missense_Mutation,SNP,G,G,A,rs121913273,,fc8130e3-023d-c7d4-e040-11ac0c483295,fc8130e3-023a-c7d4-e040-11ac0c483295,g.chr3:178936082G>A,TCCTCTCTCTGAAATCACTGA,0.333,,,"broad,dkfz,muse,sanger",NA,NA,NA,NA,4,NA,NA,NA,0.4211,NA,NA,None,,False,False,False,False,32,44,NA,NA,Breast-AdenoCa,DO220828,https://civicdb.org/molecular-profiles/103,103,PIK3CA,E542K,3,178936082,178936082,G,A,Missense_Mutation,E542K,,fc8130e3-023d-c7d4-e040-11ac0c483295,Breast-AdenoCa,Breast-AdenoCa,Fulvestrant,sensitivity,breast_cancer_maf_exact,high,PIK3CA E542K,exact_allele,breast_cancer,Resolved via CIViC GraphQL API.
AKT1 E17K,AKT1,exact_allele,matched,AKT1,Breast-AdenoCa,AKT1|14|105246551|105246551|C|T|Missense_Mutation,yes,AKT1,14,105246551,105246551,+,Missense_Mutation,SNP,C,C,T,rs34409589|rs121434592,,f393bb0c-3ffa-cb72-e040-11ac0d48455c,f393bb0b-9ac9-a0ed-e040-11ac0d484559,g.chr14:105246551C>T,TTGATGTACTCCCCTACAGAC,0.612,NA,,"broad,dkfz,muse,sanger",NA,NA,NA,NA,4,NA,NA,NA,0.3793,NA,NA,None,,False,False,False,False,11,18,NA,NA,Breast-AdenoCa,DO1017,https://civicdb.org/molecular-profiles/4,4,AKT1,E17K,14,105246551,105246551,C,T,Missense_Mutation,E17K,,f393bb0c-3ffa-cb72-e040-11ac0d48455c,Breast-AdenoCa,Breast-AdenoCa,Fulvestrant,sensitivity,breast_cancer_maf_exact,high,AKT1 E17K,exact_allele,breast_cancer,Resolved via CIViC GraphQL API.
PIK3CA N345K,PIK3CA,exact_allele,matched,PIK3CA,Breast-AdenoCa,PIK3CA|3|178921553|178921553|T|A|Missense_Mutation,yes,PIK3CA,3,178921553,178921553,+,Missense_Mutation,SNP,T,T,A,rs121913284,,fc8130df-3225-3f96-e040-11ac0d485dfe,fc8130df-3222-3f96-e040-11ac0d485dfe,g.chr3:178921553T>A,CCTACGTGAATGTAAATATTC,0.308,NA,,"broad,dkfz,muse,sanger",NA,NA,NA,NA,4,NA,NA,NA,0.1304,NA,NA,None,,False,False,False,False,9,60,NA,NA,Breast-AdenoCa,DO218176,https://civicdb.org/molecular-profiles/904,904,PIK3CA,N345K,3,178921553,178921553,T,A,Missense_Mutation,N345K,,fc8130df-3225-3f96-e040-11ac0d485dfe,Breast-AdenoCa,Breast-AdenoCa,Fulvestrant,sensitivity,breast_cancer_maf_exact,high,PIK3CA N345K,exact_allele,breast_cancer,Resolved via CIViC GraphQL API.
PIK3CA E453K OR ...,PIK3CA,exact_allele,matched,PIK3CA,Biliary-AdenoCA,PIK3CA|3|178928079|178928079|G|A|Missense_Mutation,yes,PIK3CA,3,178928079,178928079,+,Missense_Mutation,SNP,G,G,A,,,da5b9926-c622-11e3-bf01-24c6515278c0,d9f94f8c-c622-11e3-bf01-24c6515278c0,g.chr3:178928079G>A,TCATGGATTAGAAGATTTGCT,0.348,NA,,"broad,dkfz,muse,sanger",NA,NA,NA,NA,4,NA,NA,NA,0.3469,NA,NA,None,,False,False,False,False,17,32,NA,NA,Biliary-AdenoCA,DO45245,https://civicdb.org/molecular-profiles/5588,5588,PIK3CA,E453K,3,178928079,178928079,G,A,Missense_Mutation,E453K,,da5b9926-c622-11e3-bf01-24c6515278c0,Biliary-AdenoCA,Biliary-AdenoCA,Fulvestrant,sensitivity,pan_cancer_maf_exact,high,PIK3CA E453K OR ...,exact_allele,pan_cancer_fallback,"Resolved via CIViC GraphQL API; one exact matching MAF row is sufficient for this OR profile. Accepted protein changes from CIViC: E453K, E453Q, E453A, E453D, E453G, E453V. Saved exact genomic match for E453K."
PIK3CA R88Q,PIK3CA,exact_allele,matched,PIK3CA,Panc-AdenoCA,PIK3CA|3|178916876|178916876|G|A|Missense_Mutation,yes,PIK3CA,3,178916876,178916876,+,Missense_Mutation,SNP,G,G,A,rs121913287,,536dedba-46c4-4a21-b112-13c030b13069,9d905665-22fc-43ae-8182-7edf074937dc,g.chr3:178916876G>A,GAAACAAGACGACTTTGTGAC,0.363,,,"broad,dkfz,muse,sanger",NA,NA,NA,NA,4,NA,NA,NA,0.1184,NA,NA,None,,False,False,False,False,9,67,NA,NA,Panc-AdenoCA,DO35442,https://civicdb.org/molecular-profiles/903,903,PIK3CA,R88Q,3,178916876,178916876,G,A,Missense_Mutation,R88Q,,536dedba-46c4-4a21-b112-13c030b13069,Panc-AdenoCA,Panc-AdenoCA,Fulvestrant,sensitivity,pan_cancer_maf_exact,high,PIK3CA R88Q,exact_allele,pan_cancer_fallback,Resolved via CIViC GraphQL API.
PIK3CA Q546K,PIK3CA,exact_allele,matched,PIK3CA,Breast-AdenoCa,PIK3CA|3|178936094|178936094|C|A|Missense_Mutation,yes,PIK3CA,3,178936094,178936094,+,Missense_Mutation,SNP,C,C,A,rs121913286,,f7b847e5-0f5d-69b4-e040-11ac0c4845fe,f7b847e5-0f5a-69b4-e040-11ac0c4845fe,g.chr3:178936094C>A,AATCACTGAGCAGGAGAAAGA,0.358,NA,,"broad,dkfz,muse,sanger",NA,NA,NA,NA,4,NA,NA,NA,0.4286,NA,NA,None,,False,False,False,False,15,20,NA,NA,Breast-AdenoCa,DO217939,https://civicdb.org/molecular-profiles/859,859,PIK3CA,Q546K,3,178936094,178936094,C,A,Missense_Mutation,Q546K,,f7b847e5-0f5d-69b4-e040-11ac0c4845fe,Breast-AdenoCa,Breast-AdenoCa,Fulvestrant,sensitivity,breast_cancer_maf_exact,high,PIK3CA Q546K,exact_allele,breast_cancer,Resolved via CIViC GraphQL API.
PIK3CA Q546P,PIK3CA,exact_allele,matched,PIK3CA,Bone-Osteosarc,PIK3CA|3|178936095|178936095|A|C|Missense_Mutation,yes,PIK3CA,3,178936095,178936095,+,Missense_Mutation,SNP,A,A,C,rs397517201,,f8407106-8a96-8f85-e040-11ac0d481656,f8407106-8a93-8f85-e040-11ac0d481656,g.chr3:178936095A>C,ATCACTGAGCAGGAGAAAGAT,0.363,NA,,"broad,dkfz,muse,sanger",NA,NA,NA,NA,4,NA,NA,NA,0.3529,NA,NA,None,,False,False,False,False,18,33,NA,NA,Bone-Osteosarc,DO52574,https://civicdb.org/molecular-profiles/861,861,PIK3CA,Q546P,3,178936095,178936095,A,C,Missense_Mutation,Q546P,,f8407106-8a96-8f85-e040-11ac0d481656,Bone-Osteosarc,Bone-Osteosarc,Fulvestrant,sensitivity,pan_cancer_maf_exact,high,PIK3CA Q546P,exact_allele,pan_cancer_fallback,Resolved exactly via CIViC GraphQL API from profile 861 before MAF search. Accepted protein changes from CIViC: Q546P. Saved exact genomic match for Q546P.
PIK3CA H1047Y,PIK3CA,exact_allele,matched,PIK3CA,Prost-AdenoCA,PIK3CA|3|178952084|178952084|C|T|Missense_Mutation,yes,PIK3CA,3,178952084,178952084,+,Missense_Mutation,SNP,C,C,T,rs121913281,,8bbe4006-be0a-4cd5-91f6-529100d4f06e,99898e3d-0957-413b-a29c-2882ad9ce3c9,g.chr3:178952084C>T,GAATGATGCACATCATGGTGG,0.373,NA,,"broad,dkfz,muse,sanger",NA,NA,NA,NA,4,NA,NA,,0.2162,NA,NA,None,,False,False,False,False,16,58,NA,NA,Prost-AdenoCA,DO51122,https://civicdb.org/molecular-profiles/912,912,PIK3CA,H1047Y,3,178952084,178952084,C,T,Missense_Mutation,H1047Y,,8bbe4006-be0a-4cd5-91f6-529100d4f06e,Prost-AdenoCA,Prost-AdenoCA,Fulvestrant,sensitivity,pan_cancer_maf_exact,high,PIK3CA H1047Y,exact_allele,pan_cancer_fallback,Resolved via CIViC GraphQL API.
PIK3CA H1047L,PIK3CA,exact_allele,matched,PIK3CA,Breast-AdenoCa,PIK3CA|3|178952085|178952085|A|T|Missense_Mutation,yes,PIK3CA,3,178952085,178952085,+,Missense_Mutation,SNP,A,A,T,rs121913279,,fc8130e0-09f1-b964-e040-11ac0c48326e,fc8130e0-09ee-b964-e040-11ac0c48326e,g.chr3:178952085A>T,AATGATGCACATCATGGTGGC,0.378,NA,,"broad,dkfz,muse,sanger",NA,NA,NA,NA,4,NA,NA,NA,0.3409,NA,NA,None,,False,False,False,False,15,29,NA,NA,Breast-AdenoCa,DO217887,https://civicdb.org/molecular-profiles/1125,1125,PIK3CA,H1047L,3,178952085,178952085,A,T,Missense_Mutation,H1047L,,fc8130e0-09f1-b964-e040-11ac0c48326e,Breast-AdenoCa,Breast-AdenoCa,Fulvestrant,sensitivity,breast_cancer_maf_exact,high,PIK3CA H1047L,exact_allele,breast_cancer,Resolved via CIViC GraphQL API.
PIK3CA G1049R,PIK3CA,exact_allele,matched,PIK3CA,Bone-Osteosarc,PIK3CA|3|178952090|178952090|G|C|Missense_Mutation,yes,PIK3CA,3,178952090,178952090,+,Missense_Mutation,SNP,G,G,C,rs121913277,,f8696c79-b165-92a6-e040-11ac0c4804bf,f8696c79-b162-92a6-e040-11ac0c4804bf,g.chr3:178952090G>C,TGCACATCATGGTGGCTGGAC,0.378,NA,,"broad,dkfz,muse,sanger",NA,NA,NA,NA,4,NA,NA,,0.3766,NA,NA,None,,False,False,False,False,29,48,NA,NA,Bone-Osteosarc,DO52608,https://civicdb.org/molecular-profiles/914,914,PIK3CA,G1049R,3,178952090,178952090,G,C,Missense_Mutation,G1049R,,f8696c79-b165-92a6-e040-11ac0c4804bf,Bone-Osteosarc,Bone-Osteosarc,Fulvestrant,sensitivity,pan_cancer_maf_exact,high,PIK3CA G1049R,exact_allele,pan_cancer_fallback,Resolved via CIViC GraphQL API.
PIK3CA H1047R,PIK3CA,exact_allele,matched,PIK3CA,Breast-AdenoCa,PIK3CA|3|178952085|178952085|A|G|Missense_Mutation,yes,PIK3CA,3,178952085,178952085,+,Missense_Mutation,SNP,A,A,G,rs121913279,,097a7d36-905b-72be-e050-11ac0d482c9a,097a7d36-9058-72be-e050-11ac0d482c9a,g.chr3:178952085A>G,AATGATGCACATCATGGTGGC,0.378,,,"broad,dkfz,muse,sanger",NA,NA,NA,NA,4,NA,NA,NA,0.3602,NA,NA,None,,False,False,False,False,85,151,NA,NA,Breast-AdenoCa,DO1076,https://civicdb.org/molecular-profiles/107,107,PIK3CA,H1047R,3,178952085,178952085,A,G,Missense_Mutation,H1047R,,097a7d36-905b-72be-e050-11ac0d482c9a,Breast-AdenoCa,Breast-AdenoCa,Trastuzumab,sensitivity,breast_cancer_maf_exact,high,PIK3CA H1047R,exact_allele,breast_cancer,Resolved exactly via CIViC GraphQL API as PIK3CA H1047R; therapy-specific duplicate retained for Trastuzumab.
PIK3CA H1047R,PIK3CA,exact_allele,matched,PIK3CA,Breast-AdenoCa,PIK3CA|3|178952085|178952085|A|G|Missense_Mutation,yes,PIK3CA,3,178952085,178952085,+,Missense_Mutation,SNP,A,A,G,rs121913279,,097a7d36-905b-72be-e050-11ac0d482c9a,097a7d36-9058-72be-e050-11ac0d482c9a,g.chr3:178952085A>G,AATGATGCACATCATGGTGGC,0.378,,,"broad,dkfz,muse,sanger",NA,NA,NA,NA,4,NA,NA,NA,0.3602,NA,NA,None,,False,False,False,False,85,151,NA,NA,Breast-AdenoCa,DO1076,https://civicdb.org/molecular-profiles/107,107,PIK3CA,H1047R,3,178952085,178952085,A,G,Missense_Mutation,H1047R,,097a7d36-905b-72be-e050-11ac0d482c9a,Breast-AdenoCa,Breast-AdenoCa,Lapatinib,sensitivity,breast_cancer_maf_exact,high,PIK3CA H1047R,exact_allele,breast_cancer,Resolved exactly via CIViC GraphQL API as PIK3CA H1047R; therapy-specific duplicate retained for Lapatinib.
ERBB2 R678Q,ERBB2,exact_allele,matched,ERBB2,Stomach-AdenoCA,ERBB2|17|37879658|37879658|G|A|Missense_Mutation,yes,ERBB2,17,37879658,37879658,+,Missense_Mutation,SNP,G,G,A,,,dc107863-2c7d-4b19-8afb-666c7798f0da,790d32ae-e3f6-40ba-b555-2bbf0eea520e,g.chr17:37879658G>A,ATCAAGCGACGGCAGCAGAAG,0.637,,,"broad,muse,sanger",NA,NA,NA,NA,3,NA,NA,,0.3846,NA,NA,None,,False,False,False,False,5,8,NA,NA,Stomach-AdenoCA,DO218693,https://civicdb.org/molecular-profiles/42,42,ERBB2,R678Q,17,37879658,37879658,G,A,Missense_Mutation,R678Q,,dc107863-2c7d-4b19-8afb-666c7798f0da,Stomach-AdenoCA,Stomach-AdenoCA,Lapatinib,sensitivity,pan_cancer_maf_exact,high,ERBB2 R678Q,exact_allele,pan_cancer_fallback,Resolved via CIViC GraphQL API.
ERBB2 L869R,ERBB2,exact_allele,matched,ERBB2,Breast-AdenoCa,ERBB2|17|37881414|37881414|T|G|Missense_Mutation,yes,ERBB2,17,37881414,37881414,+,Missense_Mutation,SNP,T,T,G,,,f7d128d2-3964-e3bc-e040-11ac0d481667,f7d128d2-3961-e3bc-e040-11ac0d481667,g.chr17:37881414T>G,CTGGCTCGGCTGCTGGACATT,0.582,NA,,"broad,dkfz,muse,sanger",NA,NA,NA,NA,4,NA,NA,NA,0.5333,NA,NA,None,,False,False,False,False,24,21,NA,NA,Breast-AdenoCa,DO218059,https://civicdb.org/molecular-profiles/2203,2203,ERBB2,L869R,17,37881414,37881414,T,G,Missense_Mutation,L869R,,f7d128d2-3964-e3bc-e040-11ac0d481667,Breast-AdenoCa,Breast-AdenoCa,Neratinib,sensitivity,breast_cancer_maf_exact,high,ERBB2 L869R,exact_allele,breast_cancer,Resolved via CIViC GraphQL API.
ERBB2 R678Q,ERBB2,exact_allele,matched,ERBB2,Stomach-AdenoCA,ERBB2|17|37879658|37879658|G|A|Missense_Mutation,yes,ERBB2,17,37879658,37879658,+,Missense_Mutation,SNP,G,G,A,,,dc107863-2c7d-4b19-8afb-666c7798f0da,790d32ae-e3f6-40ba-b555-2bbf0eea520e,g.chr17:37879658G>A,ATCAAGCGACGGCAGCAGAAG,0.637,,,"broad,muse,sanger",NA,NA,NA,NA,3,NA,NA,,0.3846,NA,NA,None,,False,False,False,False,5,8,NA,NA,Stomach-AdenoCA,DO218693,https://civicdb.org/molecular-profiles/42,42,ERBB2,R678Q,17,37879658,37879658,G,A,Missense_Mutation,R678Q,,dc107863-2c7d-4b19-8afb-666c7798f0da,Stomach-AdenoCA,Stomach-AdenoCA,Neratinib,sensitivity,pan_cancer_maf_exact,high,ERBB2 R678Q,exact_allele,pan_cancer_fallback,Resolved exactly via CIViC GraphQL API as ERBB2 R678Q before MAF search. Accepted protein changes from CIViC: R678Q. Saved exact genomic match for R678Q.
ERBB2 V842I,ERBB2,exact_allele,matched,ERBB2,Eso-AdenoCa,ERBB2|17|37881332|37881332|G|A|Missense_Mutation,yes,ERBB2,17,37881332,37881332,+,Missense_Mutation,SNP,G,G,A,,,0250e6f7-2538-4d1f-a8ff-ca34a7057dde,68bc7c95-a345-4a56-8ef2-83d99ba48256,g.chr17:37881332G>A,TGTGCGGCTCGTACACAGGGA,0.597,,,"broad,dkfz,muse,sanger",NA,NA,NA,NA,4,NA,NA,,0.1667,NA,NA,None,,False,False,False,False,11,55,NA,NA,Eso-AdenoCa,DO50332,https://civicdb.org/molecular-profiles/45,45,ERBB2,V842I,17,37881332,37881332,G,A,Missense_Mutation,V842I,,0250e6f7-2538-4d1f-a8ff-ca34a7057dde,Eso-AdenoCa,Eso-AdenoCa,Neratinib,sensitivity,pan_cancer_maf_exact,high,ERBB2 V842I,exact_allele,pan_cancer_fallback,Resolved exactly via CIViC GraphQL API as ERBB2 V842I before MAF search. Accepted protein changes from CIViC: V842I. Saved exact genomic match for V842I.
ERBB2 D769Y,ERBB2,exact_allele,matched,ERBB2,Breast-AdenoCa,ERBB2|17|37880261|37880261|G|T|Missense_Mutation,yes,ERBB2,17,37880261,37880261,+,Missense_Mutation,SNP,G,G,T,rs121913468,,f7c7373c-1972-4968-e040-11ac0d486e80,f7c7373c-1971-4968-e040-11ac0d486e80,g.chr17:37880261G>T,AGAAATCTTAGACGTAAGCCC,0.532,,,"broad,dkfz,muse,sanger",NA,NA,NA,NA,4,NA,NA,NA,0.25,NA,NA,None,,False,False,False,False,9,27,NA,NA,Breast-AdenoCa,DO218173,https://civicdb.org/molecular-profiles/36,36,ERBB2,D769Y,17,37880261,37880261,G,T,Missense_Mutation,D769Y,,f7c7373c-1972-4968-e040-11ac0d486e80,Breast-AdenoCa,Breast-AdenoCa,Neratinib,sensitivity,breast_cancer_maf_exact,high,ERBB2 D769Y,exact_allele,breast_cancer,Resolved exactly via CIViC GraphQL API as ERBB2 D769Y before MAF search. Accepted protein changes from CIViC: D769Y. Saved exact genomic match for D769Y.
PIK3CA H1047R OR PIK3CA H1047Y OR PIK3CA H1047L OR PIK3CA H1047D OR PIK3CA H1047I OR PIK3CA H1047N OR PIK3CA H1047P OR PIK3CA H1047Q OR PIK3CA H1047T,PIK3CA,exact_allele,matched,PIK3CA,Breast-AdenoCa,PIK3CA|3|178952085|178952085|A|G|Missense_Mutation,yes,PIK3CA,3,178952085,178952085,+,Missense_Mutation,SNP,A,A,G,rs121913279,,097a7d36-905b-72be-e050-11ac0d482c9a,097a7d36-9058-72be-e050-11ac0d482c9a,g.chr3:178952085A>G,AATGATGCACATCATGGTGGC,0.378,,,"broad,dkfz,muse,sanger",NA,NA,NA,NA,4,NA,NA,NA,0.3602,NA,NA,None,,False,False,False,False,85,151,NA,NA,Breast-AdenoCa,DO1076,https://civicdb.org/molecular-profiles/5556,5556,PIK3CA,H1047R,3,178952085,178952085,A,G,Missense_Mutation,H1047R,,097a7d36-905b-72be-e050-11ac0d482c9a,Breast-AdenoCa,Breast-AdenoCa,Palbociclib,sensitivity,breast_cancer_maf_exact,high,PIK3CA H1047R OR PIK3CA H1047Y OR PIK3CA H1047L OR PIK3CA H1047D OR PIK3CA H1047I OR PIK3CA H1047N OR PIK3CA H1047P OR PIK3CA H1047Q OR PIK3CA H1047T,exact_allele,breast_cancer,"Resolved via CIViC GraphQL API as an OR-profile. Exact alleles were available in CIViC for H1047R, H1047Y, and H1047L; one exact MAF match is sufficient. Accepted protein changes from CIViC: H1047R, H1047Y, H1047L, H1047D, H1047I, H1047N, H1047P, H1047Q, H1047T. Saved exact genomic match for H1047R."
PIK3CA E545K OR PIK3CA E545Q OR PIK3CA E545A OR PIK3CA E545G OR PIK3CA E545V OR PIK3CA E545D OR PIK3CA E545L OR PIK3CA E545R,PIK3CA,exact_allele,matched,PIK3CA,Breast-AdenoCa,PIK3CA|3|178936091|178936091|G|A|Missense_Mutation,yes,PIK3CA,3,178936091,178936091,+,Missense_Mutation,SNP,G,G,A,rs104886003,,f7b84c09-15d4-3046-e040-11ac0c4847ff,f7b84c09-15d1-3046-e040-11ac0c4847ff,g.chr3:178936091G>A,TGAAATCACTGAGCAGGAGAA,0.353,NA,,"broad,dkfz,muse,sanger",NA,NA,NA,NA,4,NA,NA,NA,0.587,NA,NA,None,,False,False,False,False,27,19,NA,NA,Breast-AdenoCa,DO217962,https://civicdb.org/molecular-profiles/5618,5618,PIK3CA,E545K,3,178936091,178936091,G,A,Missense_Mutation,E545K,NM_006218.3:c.1633G>A,f7b84c09-15d4-3046-e040-11ac0c4847ff,Breast-AdenoCa,Breast-AdenoCa,Palbociclib,sensitivity,breast_cancer_maf_exact,high,PIK3CA E545K OR PIK3CA E545Q OR PIK3CA E545A OR PIK3CA E545G OR PIK3CA E545V OR PIK3CA E545D OR PIK3CA E545L OR PIK3CA E545R,exact_allele,breast_cancer,"Resolved via CIViC GraphQL API as an OR-profile. Exact alleles were available in CIViC for E545K, E545Q, E545A, E545G, E545V, and E545D; one exact MAF match is sufficient. Accepted protein changes from CIViC: E545K, E545Q, E545A, E545G, E545V, E545D, E545L, E545R. Saved exact genomic match for E545K."
PIK3CA E542K OR PIK3CA E542Q OR PIK3CA E542A OR PIK3CA E542D OR PIK3CA E542G OR PIK3CA E542R OR PIK3CA E542V,PIK3CA,exact_allele,matched,PIK3CA,Breast-AdenoCa,PIK3CA|3|178936082|178936082|G|A|Missense_Mutation,yes,PIK3CA,3,178936082,178936082,+,Missense_Mutation,SNP,G,G,A,rs121913273,,fc8130e3-023d-c7d4-e040-11ac0c483295,fc8130e3-023a-c7d4-e040-11ac0c483295,g.chr3:178936082G>A,TCCTCTCTCTGAAATCACTGA,0.333,,,"broad,dkfz,muse,sanger",NA,NA,NA,NA,4,NA,NA,NA,0.4211,NA,NA,None,,False,False,False,False,32,44,NA,NA,Breast-AdenoCa,DO220828,https://civicdb.org/molecular-profiles/5563,5563,PIK3CA,E542K,3,178936082,178936082,G,A,Missense_Mutation,E542K,NM_006218.3:c.1624G>A,fc8130e3-023d-c7d4-e040-11ac0c483295,Breast-AdenoCa,Breast-AdenoCa,Palbociclib,sensitivity,breast_cancer_maf_exact,high,PIK3CA E542K OR PIK3CA E542Q OR PIK3CA E542A OR PIK3CA E542D OR PIK3CA E542G OR PIK3CA E542R OR PIK3CA E542V,exact_allele,breast_cancer,"Resolved via CIViC GraphQL API as an OR-profile. Exact alleles were available in CIViC for E542K and E542Q; one exact MAF match is sufficient. Accepted protein changes from CIViC: E542K, E542Q, E542A, E542D, E542G, E542R, E542V. Saved exact genomic match for E542K."
PIK3CA Q546K OR PIK3CA Q546E OR PIK3CA Q546P OR PIK3CA Q546R OR PIK3CA Q546L OR PIK3CA K111E OR PIK3CA K111N OR PIK3CA K111R OR PIK3CA Q546H,PIK3CA,exact_allele,matched,PIK3CA,Breast-AdenoCa,PIK3CA|3|178936094|178936094|C|A|Missense_Mutation,yes,PIK3CA,3,178936094,178936094,+,Missense_Mutation,SNP,C,C,A,rs121913286,,f7b847e5-0f5d-69b4-e040-11ac0c4845fe,f7b847e5-0f5a-69b4-e040-11ac0c4845fe,g.chr3:178936094C>A,AATCACTGAGCAGGAGAAAGA,0.358,NA,,"broad,dkfz,muse,sanger",NA,NA,NA,NA,4,NA,NA,NA,0.4286,NA,NA,None,,False,False,False,False,15,20,NA,NA,Breast-AdenoCa,DO217939,https://civicdb.org/molecular-profiles/5567,5567,PIK3CA,Q546K,3,178936094,178936094,C,A,Missense_Mutation,Q546K,NM_006218.3:c.1636C>A,f7b847e5-0f5d-69b4-e040-11ac0c4845fe,Breast-AdenoCa,Breast-AdenoCa,Palbociclib,sensitivity,breast_cancer_maf_exact,high,PIK3CA Q546K OR PIK3CA Q546E OR PIK3CA Q546P OR PIK3CA Q546R OR PIK3CA Q546L OR PIK3CA K111E OR PIK3CA K111N OR PIK3CA K111R OR PIK3CA Q546H,exact_allele,breast_cancer,"Resolved via CIViC GraphQL API as an OR-profile. Exact alleles were available in CIViC for Q546K, Q546E, Q546P, Q546R, Q546L, K111E, and K111N; one exact MAF match is sufficient. Accepted protein changes from CIViC: Q546K, Q546E, Q546P, Q546R, Q546L, K111E, K111N, K111R, Q546H. Saved exact genomic match for Q546K."
PIK3CA G1049S OR PIK3CA G1049R OR PIK3CA G106V OR PIK3CA G106R OR PIK3CA G1049A OR PIK3CA G106S OR PIK3CA G106A OR PIK3CA G106D OR PIK3CA G118D OR PIK3CA G1049C OR PIK3CA G1049D,PIK3CA,exact_allele,matched,PIK3CA,Bone-Osteosarc,PIK3CA|3|178952090|178952090|G|C|Missense_Mutation,yes,PIK3CA,3,178952090,178952090,+,Missense_Mutation,SNP,G,G,C,rs121913277,,f8696c79-b165-92a6-e040-11ac0c4804bf,f8696c79-b162-92a6-e040-11ac0c4804bf,g.chr3:178952090G>C,TGCACATCATGGTGGCTGGAC,0.378,NA,,"broad,dkfz,muse,sanger",NA,NA,NA,NA,4,NA,NA,,0.3766,NA,NA,None,,False,False,False,False,29,48,NA,NA,Bone-Osteosarc,DO52608,https://civicdb.org/molecular-profiles/5574,5574,PIK3CA,G1049R,3,178952090,178952090,G,C,Missense_Mutation,G1049R,NM_006218.3:c.3145G>C,f8696c79-b165-92a6-e040-11ac0c4804bf,Bone-Osteosarc,Bone-Osteosarc,Palbociclib,sensitivity,pan_cancer_maf_exact,high,PIK3CA G1049S OR PIK3CA G1049R OR PIK3CA G106V OR PIK3CA G106R OR PIK3CA G1049A OR PIK3CA G106S OR PIK3CA G106A OR PIK3CA G106D OR PIK3CA G118D OR PIK3CA G1049C OR PIK3CA G1049D,exact_allele,pan_cancer_fallback,"Resolved via CIViC GraphQL API as an OR-profile. Exact alleles were available in CIViC for G1049S, G1049R, G106V, G106R, and G1049A; one exact MAF match is sufficient. Accepted protein changes from CIViC: G1049S, G1049R, G106V, G106R, G1049A, G106S, G106A, G106D, G118D, G1049C, G1049D. Saved exact genomic match for G1049R."
PIK3CA N345K OR PIK3CA N345D OR PIK3CA N345H OR PIK3CA N345I OR PIK3CA N345S OR PIK3CA N345T OR PIK3CA N345Y,PIK3CA,exact_allele,matched,PIK3CA,Breast-AdenoCa,PIK3CA|3|178921553|178921553|T|A|Missense_Mutation,yes,PIK3CA,3,178921553,178921553,+,Missense_Mutation,SNP,T,T,A,rs121913284,,fc8130df-3225-3f96-e040-11ac0d485dfe,fc8130df-3222-3f96-e040-11ac0d485dfe,g.chr3:178921553T>A,CCTACGTGAATGTAAATATTC,0.308,NA,,"broad,dkfz,muse,sanger",NA,NA,NA,NA,4,NA,NA,NA,0.1304,NA,NA,None,,False,False,False,False,9,60,NA,NA,Breast-AdenoCa,DO218176,https://civicdb.org/molecular-profiles/5581,5581,PIK3CA,N345K,3,178921553,178921553,T,A,Missense_Mutation,N345K,NM_006218.3:c.1035T>A,fc8130df-3225-3f96-e040-11ac0d485dfe,Breast-AdenoCa,Breast-AdenoCa,Palbociclib,sensitivity,breast_cancer_maf_exact,high,PIK3CA N345K OR PIK3CA N345D OR PIK3CA N345H OR PIK3CA N345I OR PIK3CA N345S OR PIK3CA N345T OR PIK3CA N345Y,exact_allele,breast_cancer,"Resolved via CIViC GraphQL API as an OR-profile. Exact allele was available in CIViC for N345K; one exact MAF match is sufficient. Accepted protein changes from CIViC: N345K, N345D, N345H, N345I, N345S, N345T, N345Y. Saved exact genomic match for N345K."
PIK3CA R88Q OR PIK3CA C420R OR PIK3CA M1043V OR PIK3CA M1043I OR PIK3CA M1043T,PIK3CA,exact_allele,matched,PIK3CA,Panc-AdenoCA,PIK3CA|3|178916876|178916876|G|A|Missense_Mutation,yes,PIK3CA,3,178916876,178916876,+,Missense_Mutation,SNP,G,G,A,rs121913287,,536dedba-46c4-4a21-b112-13c030b13069,9d905665-22fc-43ae-8182-7edf074937dc,g.chr3:178916876G>A,GAAACAAGACGACTTTGTGAC,0.363,,,"broad,dkfz,muse,sanger",NA,NA,NA,NA,4,NA,NA,NA,0.1184,NA,NA,None,,False,False,False,False,9,67,NA,NA,Panc-AdenoCA,DO35442,https://civicdb.org/molecular-profiles/5583,5583,PIK3CA,R88Q,3,178916876,178916876,G,A,Missense_Mutation,R88Q,NM_006218.4:c.263G>A,536dedba-46c4-4a21-b112-13c030b13069,Panc-AdenoCA,Panc-AdenoCA,Palbociclib,sensitivity,pan_cancer_maf_exact,high,PIK3CA R88Q OR PIK3CA C420R OR PIK3CA M1043V OR PIK3CA M1043I OR PIK3CA M1043T,exact_allele,pan_cancer_fallback,"Resolved via CIViC GraphQL API as an OR-profile. Exact alleles were available in CIViC for R88Q, C420R, M1043V, and M1043I; one exact MAF match is sufficient. Accepted protein changes from CIViC: R88Q, C420R, M1043V, M1043I, M1043T. Saved exact genomic match for R88Q."
PIK3CA E453K OR PIK3CA E453Q OR PIK3CA E453A OR PIK3CA E453D OR PIK3CA E453G OR PIK3CA E453V,PIK3CA,exact_allele,matched,PIK3CA,Biliary-AdenoCA,PIK3CA|3|178928079|178928079|G|A|Missense_Mutation,yes,PIK3CA,3,178928079,178928079,+,Missense_Mutation,SNP,G,G,A,,,da5b9926-c622-11e3-bf01-24c6515278c0,d9f94f8c-c622-11e3-bf01-24c6515278c0,g.chr3:178928079G>A,TCATGGATTAGAAGATTTGCT,0.348,NA,,"broad,dkfz,muse,sanger",NA,NA,NA,NA,4,NA,NA,NA,0.3469,NA,NA,None,,False,False,False,False,17,32,NA,NA,Biliary-AdenoCA,DO45245,https://civicdb.org/molecular-profiles/5588,5588,PIK3CA,E453K,3,178928079,178928079,G,A,Missense_Mutation,E453K,,da5b9926-c622-11e3-bf01-24c6515278c0,Biliary-AdenoCA,Biliary-AdenoCA,Palbociclib,sensitivity,pan_cancer_maf_exact,high,PIK3CA E453K OR PIK3CA E453Q OR PIK3CA E453A OR PIK3CA E453D OR PIK3CA E453G OR PIK3CA E453V,exact_allele,pan_cancer_fallback,"Resolved via CIViC GraphQL API as an OR-profile. Exact alleles were available in CIViC for E453K and E453Q; one exact MAF match is sufficient. Accepted protein changes from CIViC: E453K, E453Q, E453A, E453D, E453G, E453V. Saved exact genomic match for E453K."
TP53 R273H,TP53,exact_allele,matched,TP53,Lymph-BNHL,TP53|17|7577120|7577120|C|T|Missense_Mutation,yes,TP53,17,7577120,7577120,+,Missense_Mutation,SNP,C,C,T,rs28934576,,140d5fa9-afbe-444e-a7e7-6a4cb4ab2923,df088722-4cc7-4f03-88cd-d86ed07e4653,g.chr17:7577120C>T,GGCACAAACACGCACCTCAAA,0.542,0.00019968,rs28934576,"broad,dkfz,muse,sanger",NA,NA,NA,NA,4,NA,NA,,0.7955,NA,NA,None,,False,False,False,False,35,9,NA,NA,Lymph-BNHL,DO27833,https://civicdb.org/molecular-profiles/122,122,TP53,R273H,17,7577120,7577120,C,T,Missense_Mutation,R273H,NM_000546.5:c.818G>A,140d5fa9-afbe-444e-a7e7-6a4cb4ab2923,Lymph-BNHL,Lymph-BNHL,Tamoxifen,resistance,pan_cancer_maf_exact,high,TP53 R273H,exact_allele,pan_cancer_fallback,Resolved directly from CIViC GraphQL API as TP53 R273H before MAF search. Accepted protein changes from CIViC: R273H. Saved exact genomic match for R273H.
PIK3CA H1047R,PIK3CA,exact_allele,matched,PIK3CA,Breast-AdenoCa,PIK3CA|3|178952085|178952085|A|G|Missense_Mutation,yes,PIK3CA,3,178952085,178952085,+,Missense_Mutation,SNP,A,A,G,rs121913279,,097a7d36-905b-72be-e050-11ac0d482c9a,097a7d36-9058-72be-e050-11ac0d482c9a,g.chr3:178952085A>G,AATGATGCACATCATGGTGGC,0.378,,,"broad,dkfz,muse,sanger",NA,NA,NA,NA,4,NA,NA,NA,0.3602,NA,NA,None,,False,False,False,False,85,151,NA,NA,Breast-AdenoCa,DO1076,https://civicdb.org/molecular-profiles/107,107,PIK3CA,H1047R,3,178952085,178952085,A,G,Missense_Mutation,H1047R,NM_006218.3:c.3140A>G,097a7d36-905b-72be-e050-11ac0d482c9a,Breast-AdenoCa,Breast-AdenoCa,Trastuzumab,resistance,breast_cancer_maf_exact,high,PIK3CA H1047R,exact_allele,breast_cancer,Resolved directly from CIViC GraphQL API as PIK3CA H1047R before MAF search. The second and third occurrences of profile 107 in the user list were skipped as identical in-batch duplicates. Accepted protein changes from CIViC: H1047R. Saved exact genomic match for H1047R.
PIK3CA E542K,PIK3CA,exact_allele,matched,PIK3CA,Breast-AdenoCa,PIK3CA|3|178936082|178936082|G|A|Missense_Mutation,yes,PIK3CA,3,178936082,178936082,+,Missense_Mutation,SNP,G,G,A,rs121913273,,fc8130e3-023d-c7d4-e040-11ac0c483295,fc8130e3-023a-c7d4-e040-11ac0c483295,g.chr3:178936082G>A,TCCTCTCTCTGAAATCACTGA,0.333,,,"broad,dkfz,muse,sanger",NA,NA,NA,NA,4,NA,NA,NA,0.4211,NA,NA,None,,False,False,False,False,32,44,NA,NA,Breast-AdenoCa,DO220828,https://civicdb.org/molecular-profiles/103,103,PIK3CA,E542K,3,178936082,178936082,G,A,Missense_Mutation,E542K,NM_006218.3:c.1624G>A,fc8130e3-023d-c7d4-e040-11ac0c483295,Breast-AdenoCa,Breast-AdenoCa,Trastuzumab,resistance,breast_cancer_maf_exact,high,PIK3CA E542K,exact_allele,breast_cancer,Resolved directly from CIViC GraphQL API as PIK3CA E542K before MAF search. Accepted protein changes from CIViC: E542K. Saved exact genomic match for E542K.
PIK3CA E545K,PIK3CA,exact_allele,matched,PIK3CA,Breast-AdenoCa,PIK3CA|3|178936091|178936091|G|A|Missense_Mutation,yes,PIK3CA,3,178936091,178936091,+,Missense_Mutation,SNP,G,G,A,rs104886003,,f7b84c09-15d4-3046-e040-11ac0c4847ff,f7b84c09-15d1-3046-e040-11ac0c4847ff,g.chr3:178936091G>A,TGAAATCACTGAGCAGGAGAA,0.353,NA,,"broad,dkfz,muse,sanger",NA,NA,NA,NA,4,NA,NA,NA,0.587,NA,NA,None,,False,False,False,False,27,19,NA,NA,Breast-AdenoCa,DO217962,https://civicdb.org/molecular-profiles/104,104,PIK3CA,E545K,3,178936091,178936091,G,A,Missense_Mutation,E545K,NM_006218.3:c.1633G>A,f7b84c09-15d4-3046-e040-11ac0c4847ff,Breast-AdenoCa,Breast-AdenoCa,Trastuzumab,resistance,breast_cancer_maf_exact,high,PIK3CA E545K,exact_allele,breast_cancer,Resolved directly from CIViC GraphQL API as PIK3CA E545K before MAF search. The second occurrence of profile 104 in the user list was skipped as an identical in-batch duplicate. Accepted protein changes from CIViC: E545K. Saved exact genomic match for E545K.
PIK3CA K111N,PIK3CA,exact_allele,matched,PIK3CA,Breast-AdenoCa,PIK3CA|3|178916946|178916946|G|C|Missense_Mutation,yes,PIK3CA,3,178916946,178916946,+,Missense_Mutation,SNP,G,G,C,,,097a7d36-905b-72be-e050-11ac0d482c9a,097a7d36-9058-72be-e050-11ac0d482c9a,g.chr3:178916946G>C,GTGAAGAAAAGATCCTCAATC,0.328,,,"broad,dkfz,muse,sanger",NA,NA,NA,NA,4,NA,NA,NA,0.3443,NA,NA,None,,False,False,False,False,84,160,NA,NA,Breast-AdenoCa,DO1076,https://civicdb.org/molecular-profiles/1208,1208,PIK3CA,K111N,3,178916946,178916946,G,C,Missense_Mutation,K111N,NM_006218.3:c.333G>C,097a7d36-905b-72be-e050-11ac0d482c9a,Breast-AdenoCa,Breast-AdenoCa,Trastuzumab,resistance,breast_cancer_maf_exact,high,PIK3CA K111N,exact_allele,breast_cancer,Resolved directly from CIViC GraphQL API as PIK3CA K111N before MAF search. The second occurrence of profile 1208 in the user list was skipped as an identical in-batch duplicate. Accepted protein changes from CIViC: K111N. Saved exact genomic match for K111N.
PIK3CA C420R,PIK3CA,exact_allele,matched,PIK3CA,CNS-Medullo,PIK3CA|3|178927980|178927980|T|C|Missense_Mutation,yes,PIK3CA,3,178927980,178927980,+,Missense_Mutation,SNP,T,T,C,rs121913272,,ba5667da-7688-4931-bdb7-d65f391caf60,33b8d705-fc41-4c1c-89ae-95e35a6187c4,g.chr3:178927980T>C,TAAGGAACACTGTCCATTGGC,0.328,NA,,"broad,dkfz,muse,sanger",NA,NA,NA,NA,4,NA,NA,NA,0.25,NA,NA,None,,False,False,False,False,8,24,NA,NA,CNS-Medullo,DO35555,https://civicdb.org/molecular-profiles/905,905,PIK3CA,C420R,3,178927980,178927980,T,C,Missense_Mutation,C420R,NM_006218.3:c.1258T>C,ba5667da-7688-4931-bdb7-d65f391caf60,CNS-Medullo,CNS-Medullo,Trastuzumab,resistance,pan_cancer_maf_exact,high,PIK3CA C420R,exact_allele,pan_cancer_fallback,Resolved directly from CIViC GraphQL API as PIK3CA C420R before MAF search. Accepted protein changes from CIViC: C420R. Saved exact genomic match for C420R.
PIK3CA H1047R,PIK3CA,exact_allele,matched,PIK3CA,Breast-AdenoCa,PIK3CA|3|178952085|178952085|A|G|Missense_Mutation,yes,PIK3CA,3,178952085,178952085,+,Missense_Mutation,SNP,A,A,G,rs121913279,,097a7d36-905b-72be-e050-11ac0d482c9a,097a7d36-9058-72be-e050-11ac0d482c9a,g.chr3:178952085A>G,AATGATGCACATCATGGTGGC,0.378,,,"broad,dkfz,muse,sanger",NA,NA,NA,NA,4,NA,NA,NA,0.3602,NA,NA,None,,False,False,False,False,85,151,NA,NA,Breast-AdenoCa,DO1076,https://civicdb.org/molecular-profiles/107,107,PIK3CA,H1047R,3,178952085,178952085,A,G,Missense_Mutation,H1047R,NM_006218.3:c.3140A>G,097a7d36-905b-72be-e050-11ac0d482c9a,Breast-AdenoCa,Breast-AdenoCa,Lapatinib,resistance,breast_cancer_maf_exact,high,PIK3CA H1047R,exact_allele,breast_cancer,Resolved directly from CIViC GraphQL API as PIK3CA H1047R before MAF search. Accepted protein changes from CIViC: H1047R. Saved exact genomic match for H1047R.
PIK3CA E545K,PIK3CA,exact_allele,matched,PIK3CA,Breast-AdenoCa,PIK3CA|3|178936091|178936091|G|A|Missense_Mutation,yes,PIK3CA,3,178936091,178936091,+,Missense_Mutation,SNP,G,G,A,rs104886003,,f7b84c09-15d4-3046-e040-11ac0c4847ff,f7b84c09-15d1-3046-e040-11ac0c4847ff,g.chr3:178936091G>A,TGAAATCACTGAGCAGGAGAA,0.353,NA,,"broad,dkfz,muse,sanger",NA,NA,NA,NA,4,NA,NA,NA,0.587,NA,NA,None,,False,False,False,False,27,19,NA,NA,Breast-AdenoCa,DO217962,https://civicdb.org/molecular-profiles/104,104,PIK3CA,E545K,3,178936091,178936091,G,A,Missense_Mutation,E545K,NM_006218.3:c.1633G>A,f7b84c09-15d4-3046-e040-11ac0c4847ff,Breast-AdenoCa,Breast-AdenoCa,Lapatinib,resistance,breast_cancer_maf_exact,high,PIK3CA E545K,exact_allele,breast_cancer,Resolved directly from CIViC GraphQL API as PIK3CA E545K before MAF search. Accepted protein changes from CIViC: E545K. Saved exact genomic match for E545K.
PIK3CA K111N,PIK3CA,exact_allele,matched,PIK3CA,Breast-AdenoCa,PIK3CA|3|178916946|178916946|G|C|Missense_Mutation,yes,PIK3CA,3,178916946,178916946,+,Missense_Mutation,SNP,G,G,C,,,097a7d36-905b-72be-e050-11ac0d482c9a,097a7d36-9058-72be-e050-11ac0d482c9a,g.chr3:178916946G>C,GTGAAGAAAAGATCCTCAATC,0.328,,,"broad,dkfz,muse,sanger",NA,NA,NA,NA,4,NA,NA,NA,0.3443,NA,NA,None,,False,False,False,False,84,160,NA,NA,Breast-AdenoCa,DO1076,https://civicdb.org/molecular-profiles/1208,1208,PIK3CA,K111N,3,178916946,178916946,G,C,Missense_Mutation,K111N,NM_006218.3:c.333G>C,097a7d36-905b-72be-e050-11ac0d482c9a,Breast-AdenoCa,Breast-AdenoCa,Lapatinib,resistance,breast_cancer_maf_exact,high,PIK3CA K111N,exact_allele,breast_cancer,Resolved directly from CIViC GraphQL API as PIK3CA K111N before MAF search. Accepted protein changes from CIViC: K111N. Saved exact genomic match for K111N.
